0.000,"Info","2022-05-31 03:45:20","Service 'E_ymaze_droso' : Execution start"
0.000,"Info","Subject Identification","Y007"
0.000,"Info","Apparatus","Zantiks Unit"
0.000,"Info","Unit ID","5B0E17"
"TIME","","","ARENA","ACTION","ZONE"
601.358,"Info","Arena",1,"Enter_Zone",4
601.358,"Info","Arena",2,"Enter_Zone",1
601.358,"Info","Arena",4,"Enter_Zone",2
601.358,"Info","Arena",8,"Enter_Zone",1
601.358,"Info","Arena",9,"Enter_Zone",3
601.358,"Info","Arena",10,"Enter_Zone",1
601.358,"Info","Arena",11,"Enter_Zone",1
601.358,"Info","Arena",12,"Enter_Zone",3
601.358,"Info","Arena",14,"Enter_Zone",4
601.458,"Info","Arena",3,"Enter_Zone",1
793.255,"Info","Arena",4,"Exit_Zone",2
793.255,"Info","Arena",4,"Enter_Zone",4
793.322,"Info","Arena",4,"Exit_Zone",4
793.322,"Info","Arena",4,"Enter_Zone",2
793.490,"Info","Arena",4,"Exit_Zone",2
793.490,"Info","Arena",4,"Enter_Zone",4
793.589,"Info","Arena",4,"Exit_Zone",4
793.589,"Info","Arena",4,"Enter_Zone",2
793.957,"Info","Arena",4,"Exit_Zone",2
793.957,"Info","Arena",4,"Enter_Zone",4
793.989,"Info","Arena",4,"Exit_Zone",4
793.989,"Info","Arena",4,"Enter_Zone",2
794.124,"Info","Arena",4,"Exit_Zone",2
794.124,"Info","Arena",4,"Enter_Zone",4
794.155,"Info","Arena",4,"Exit_Zone",4
794.155,"Info","Arena",4,"Enter_Zone",2
794.189,"Info","Arena",4,"Exit_Zone",2
794.189,"Info","Arena",4,"Enter_Zone",4
794.290,"Info","Arena",4,"Exit_Zone",4
794.290,"Info","Arena",4,"Enter_Zone",2
794.322,"Info","Arena",4,"Exit_Zone",2
794.322,"Info","Arena",4,"Enter_Zone",4
794.422,"Info","Arena",4,"Exit_Zone",4
794.422,"Info","Arena",4,"Enter_Zone",2
794.457,"Info","Arena",4,"Exit_Zone",2
794.457,"Info","Arena",4,"Enter_Zone",4
794.522,"Info","Arena",4,"Exit_Zone",4
794.522,"Info","Arena",4,"Enter_Zone",2
794.555,"Info","Arena",4,"Exit_Zone",2
794.555,"Info","Arena",4,"Enter_Zone",4
794.957,"Info","Arena",4,"Exit_Zone",4
794.957,"Info","Arena",4,"Enter_Zone",2
794.988,"Info","Arena",4,"Exit_Zone",2
794.988,"Info","Arena",4,"Enter_Zone",4
795.055,"Info","Arena",9,"Exit_Zone",3
795.055,"Info","Arena",9,"Enter_Zone",4
795.124,"Info","Arena",9,"Exit_Zone",4
795.124,"Info","Arena",9,"Enter_Zone",3
795.255,"Info","Arena",9,"Exit_Zone",3
795.255,"Info","Arena",9,"Enter_Zone",4
795.290,"Info","Arena",9,"Exit_Zone",4
795.290,"Info","Arena",9,"Enter_Zone",3
795.790,"Info","Arena",4,"Exit_Zone",4
795.790,"Info","Arena",4,"Enter_Zone",2
795.922,"Info","Arena",4,"Exit_Zone",2
795.922,"Info","Arena",4,"Enter_Zone",4
795.988,"Info","Arena",4,"Exit_Zone",4
795.988,"Info","Arena",4,"Enter_Zone",2
796.055,"Info","Arena",4,"Exit_Zone",2
796.055,"Info","Arena",4,"Enter_Zone",4
796.124,"Info","Arena",4,"Exit_Zone",4
796.124,"Info","Arena",4,"Enter_Zone",2
796.222,"Info","Arena",4,"Exit_Zone",2
796.222,"Info","Arena",4,"Enter_Zone",4
796.255,"Info","Arena",4,"Exit_Zone",4
796.255,"Info","Arena",4,"Enter_Zone",2
796.322,"Info","Arena",4,"Exit_Zone",2
796.322,"Info","Arena",4,"Enter_Zone",4
796.355,"Info","Arena",4,"Exit_Zone",4
796.355,"Info","Arena",4,"Enter_Zone",2
796.388,"Info","Arena",4,"Exit_Zone",2
796.388,"Info","Arena",4,"Enter_Zone",4
796.457,"Info","Arena",4,"Exit_Zone",4
796.457,"Info","Arena",4,"Enter_Zone",2
796.588,"Info","Arena",4,"Exit_Zone",2
796.588,"Info","Arena",4,"Enter_Zone",4
796.688,"Info","Arena",4,"Exit_Zone",4
796.688,"Info","Arena",4,"Enter_Zone",2
796.790,"Info","Arena",13,"Enter_Zone",3
801.321,"Info","Arena",4,"Exit_Zone",2
801.321,"Info","Arena",4,"Enter_Zone",4
801.354,"Info","Arena",4,"Exit_Zone",4
801.354,"Info","Arena",4,"Enter_Zone",2
801.821,"Info","Arena",4,"Exit_Zone",2
801.821,"Info","Arena",4,"Enter_Zone",4
801.854,"Info","Arena",4,"Exit_Zone",4
801.854,"Info","Arena",4,"Enter_Zone",2
801.956,"Info","Arena",4,"Exit_Zone",2
801.956,"Info","Arena",4,"Enter_Zone",4
801.987,"Info","Arena",4,"Exit_Zone",4
801.987,"Info","Arena",4,"Enter_Zone",2
802.320,"Info","Arena",4,"Exit_Zone",2
802.320,"Info","Arena",4,"Enter_Zone",4
802.354,"Info","Arena",4,"Exit_Zone",4
802.354,"Info","Arena",4,"Enter_Zone",2
804.087,"Info","Arena",4,"Exit_Zone",2
804.087,"Info","Arena",4,"Enter_Zone",4
804.122,"Info","Arena",4,"Exit_Zone",4
804.122,"Info","Arena",4,"Enter_Zone",2
804.220,"Info","Arena",4,"Exit_Zone",2
804.220,"Info","Arena",4,"Enter_Zone",4
804.289,"Info","Arena",4,"Exit_Zone",4
804.289,"Info","Arena",4,"Enter_Zone",2
804.320,"Info","Arena",4,"Exit_Zone",2
804.320,"Info","Arena",4,"Enter_Zone",4
804.353,"Info","Arena",4,"Exit_Zone",4
804.353,"Info","Arena",4,"Enter_Zone",2
804.387,"Info","Arena",4,"Exit_Zone",2
804.387,"Info","Arena",4,"Enter_Zone",4
804.487,"Info","Arena",4,"Exit_Zone",4
804.487,"Info","Arena",4,"Enter_Zone",2
804.520,"Info","Arena",4,"Exit_Zone",2
804.520,"Info","Arena",4,"Enter_Zone",4
804.553,"Info","Arena",4,"Exit_Zone",4
804.553,"Info","Arena",4,"Enter_Zone",2
804.622,"Info","Arena",4,"Exit_Zone",2
804.622,"Info","Arena",4,"Enter_Zone",4
804.720,"Info","Arena",4,"Exit_Zone",4
804.720,"Info","Arena",4,"Enter_Zone",2
804.753,"Info","Arena",4,"Exit_Zone",2
804.753,"Info","Arena",4,"Enter_Zone",4
804.789,"Info","Arena",4,"Exit_Zone",4
804.789,"Info","Arena",4,"Enter_Zone",2
804.820,"Info","Arena",4,"Exit_Zone",2
804.820,"Info","Arena",4,"Enter_Zone",4
804.920,"Info","Arena",4,"Exit_Zone",4
804.920,"Info","Arena",4,"Enter_Zone",2
805.020,"Info","Arena",4,"Exit_Zone",2
805.020,"Info","Arena",4,"Enter_Zone",4
805.053,"Info","Arena",4,"Exit_Zone",4
805.053,"Info","Arena",4,"Enter_Zone",2
805.087,"Info","Arena",4,"Exit_Zone",2
805.087,"Info","Arena",4,"Enter_Zone",4
805.122,"Info","Arena",4,"Exit_Zone",4
805.122,"Info","Arena",4,"Enter_Zone",2
805.153,"Info","Arena",4,"Exit_Zone",2
805.153,"Info","Arena",4,"Enter_Zone",4
805.187,"Info","Arena",4,"Exit_Zone",4
805.187,"Info","Arena",4,"Enter_Zone",2
805.420,"Info","Arena",4,"Exit_Zone",2
805.420,"Info","Arena",4,"Enter_Zone",4
805.520,"Info","Arena",4,"Exit_Zone",4
805.520,"Info","Arena",4,"Enter_Zone",2
805.820,"Info","Arena",4,"Exit_Zone",2
805.820,"Info","Arena",4,"Enter_Zone",4
805.853,"Info","Arena",4,"Exit_Zone",4
805.853,"Info","Arena",4,"Enter_Zone",2
805.920,"Info","Arena",4,"Exit_Zone",2
805.920,"Info","Arena",4,"Enter_Zone",4
805.955,"Info","Arena",4,"Exit_Zone",4
805.955,"Info","Arena",4,"Enter_Zone",2
805.986,"Info","Arena",4,"Exit_Zone",2
805.986,"Info","Arena",4,"Enter_Zone",4
806.020,"Info","Arena",4,"Exit_Zone",4
806.020,"Info","Arena",4,"Enter_Zone",2
806.053,"Info","Arena",4,"Exit_Zone",2
806.053,"Info","Arena",4,"Enter_Zone",4
806.153,"Info","Arena",4,"Exit_Zone",4
806.153,"Info","Arena",4,"Enter_Zone",2
807.553,"Info","Arena",4,"Exit_Zone",2
807.553,"Info","Arena",4,"Enter_Zone",4
807.586,"Info","Arena",4,"Exit_Zone",4
807.586,"Info","Arena",4,"Enter_Zone",2
807.653,"Info","Arena",4,"Exit_Zone",2
807.653,"Info","Arena",4,"Enter_Zone",4
807.686,"Info","Arena",4,"Exit_Zone",4
807.686,"Info","Arena",4,"Enter_Zone",2
808.053,"Info","Arena",4,"Exit_Zone",2
808.053,"Info","Arena",4,"Enter_Zone",4
808.086,"Info","Arena",4,"Exit_Zone",4
808.086,"Info","Arena",4,"Enter_Zone",2
813.252,"Info","Arena",4,"Exit_Zone",2
813.252,"Info","Arena",4,"Enter_Zone",4
813.287,"Info","Arena",4,"Exit_Zone",4
813.287,"Info","Arena",4,"Enter_Zone",2
813.319,"Info","Arena",4,"Exit_Zone",2
813.319,"Info","Arena",4,"Enter_Zone",4
813.787,"Info","Arena",4,"Exit_Zone",4
813.787,"Info","Arena",4,"Enter_Zone",2
813.818,"Info","Arena",4,"Exit_Zone",2
813.818,"Info","Arena",4,"Enter_Zone",4
813.852,"Info","Arena",4,"Exit_Zone",4
813.852,"Info","Arena",4,"Enter_Zone",2
814.418,"Info","Arena",4,"Exit_Zone",2
814.418,"Info","Arena",4,"Enter_Zone",4
814.453,"Info","Arena",4,"Exit_Zone",4
814.453,"Info","Arena",4,"Enter_Zone",2
814.518,"Info","Arena",4,"Exit_Zone",2
814.518,"Info","Arena",4,"Enter_Zone",4
814.585,"Info","Arena",4,"Exit_Zone",4
814.585,"Info","Arena",4,"Enter_Zone",2
814.620,"Info","Arena",4,"Exit_Zone",2
814.620,"Info","Arena",4,"Enter_Zone",4
814.651,"Info","Arena",4,"Exit_Zone",4
814.651,"Info","Arena",4,"Enter_Zone",2
814.685,"Info","Arena",4,"Exit_Zone",2
814.685,"Info","Arena",4,"Enter_Zone",4
814.787,"Info","Arena",4,"Exit_Zone",4
814.787,"Info","Arena",4,"Enter_Zone",2
814.851,"Info","Arena",4,"Exit_Zone",2
814.851,"Info","Arena",4,"Enter_Zone",4
814.985,"Info","Arena",4,"Exit_Zone",4
814.985,"Info","Arena",4,"Enter_Zone",2
815.018,"Info","Arena",4,"Exit_Zone",2
815.018,"Info","Arena",4,"Enter_Zone",4
815.120,"Info","Arena",4,"Exit_Zone",4
815.120,"Info","Arena",4,"Enter_Zone",2
815.151,"Info","Arena",4,"Exit_Zone",2
815.151,"Info","Arena",4,"Enter_Zone",4
815.351,"Info","Arena",4,"Exit_Zone",4
815.351,"Info","Arena",4,"Enter_Zone",2
815.418,"Info","Arena",4,"Exit_Zone",2
815.418,"Info","Arena",4,"Enter_Zone",4
815.485,"Info","Arena",4,"Exit_Zone",4
815.485,"Info","Arena",4,"Enter_Zone",2
815.518,"Info","Arena",4,"Exit_Zone",2
815.518,"Info","Arena",4,"Enter_Zone",4
815.551,"Info","Arena",4,"Exit_Zone",4
815.551,"Info","Arena",4,"Enter_Zone",2
815.585,"Info","Arena",4,"Exit_Zone",2
815.585,"Info","Arena",4,"Enter_Zone",4
815.620,"Info","Arena",4,"Exit_Zone",4
815.620,"Info","Arena",4,"Enter_Zone",2
815.651,"Info","Arena",4,"Exit_Zone",2
815.651,"Info","Arena",4,"Enter_Zone",4
815.685,"Info","Arena",4,"Exit_Zone",4
815.685,"Info","Arena",4,"Enter_Zone",2
815.851,"Info","Arena",4,"Exit_Zone",2
815.851,"Info","Arena",4,"Enter_Zone",4
815.885,"Info","Arena",4,"Exit_Zone",4
815.885,"Info","Arena",4,"Enter_Zone",2
815.985,"Info","Arena",4,"Exit_Zone",2
815.985,"Info","Arena",4,"Enter_Zone",4
816.051,"Info","Arena",4,"Exit_Zone",4
816.051,"Info","Arena",4,"Enter_Zone",2
816.120,"Info","Arena",4,"Exit_Zone",2
816.120,"Info","Arena",4,"Enter_Zone",4
816.218,"Info","Arena",4,"Exit_Zone",4
816.218,"Info","Arena",4,"Enter_Zone",2
816.287,"Info","Arena",4,"Exit_Zone",2
816.287,"Info","Arena",4,"Enter_Zone",4
816.318,"Info","Arena",4,"Exit_Zone",4
816.318,"Info","Arena",4,"Enter_Zone",2
816.351,"Info","Arena",4,"Exit_Zone",2
816.351,"Info","Arena",4,"Enter_Zone",4
816.384,"Info","Arena",4,"Exit_Zone",4
816.384,"Info","Arena",4,"Enter_Zone",2
816.484,"Info","Arena",4,"Exit_Zone",2
816.484,"Info","Arena",4,"Enter_Zone",4
816.518,"Info","Arena",4,"Exit_Zone",4
816.518,"Info","Arena",4,"Enter_Zone",2
816.651,"Info","Arena",4,"Exit_Zone",2
816.651,"Info","Arena",4,"Enter_Zone",4
816.684,"Info","Arena",4,"Exit_Zone",4
816.684,"Info","Arena",4,"Enter_Zone",2
816.786,"Info","Arena",4,"Exit_Zone",2
816.786,"Info","Arena",4,"Enter_Zone",4
816.818,"Info","Arena",4,"Exit_Zone",4
816.818,"Info","Arena",4,"Enter_Zone",2
816.918,"Info","Arena",4,"Exit_Zone",2
816.918,"Info","Arena",4,"Enter_Zone",4
816.984,"Info","Arena",4,"Exit_Zone",4
816.984,"Info","Arena",4,"Enter_Zone",2
817.251,"Info","Arena",4,"Exit_Zone",2
817.251,"Info","Arena",4,"Enter_Zone",4
817.286,"Info","Arena",4,"Exit_Zone",4
817.286,"Info","Arena",4,"Enter_Zone",2
817.418,"Info","Arena",4,"Exit_Zone",2
817.418,"Info","Arena",4,"Enter_Zone",4
817.453,"Info","Arena",4,"Exit_Zone",4
817.453,"Info","Arena",4,"Enter_Zone",2
817.584,"Info","Arena",4,"Exit_Zone",2
817.584,"Info","Arena",4,"Enter_Zone",4
817.651,"Info","Arena",4,"Exit_Zone",4
817.651,"Info","Arena",4,"Enter_Zone",2
817.718,"Info","Arena",4,"Exit_Zone",2
817.718,"Info","Arena",4,"Enter_Zone",4
817.751,"Info","Arena",4,"Exit_Zone",4
817.751,"Info","Arena",4,"Enter_Zone",2
817.817,"Info","Arena",4,"Exit_Zone",2
817.817,"Info","Arena",4,"Enter_Zone",4
817.851,"Info","Arena",4,"Exit_Zone",4
817.851,"Info","Arena",4,"Enter_Zone",2
817.953,"Info","Arena",4,"Exit_Zone",2
817.953,"Info","Arena",4,"Enter_Zone",4
818.017,"Info","Arena",4,"Exit_Zone",4
818.017,"Info","Arena",4,"Enter_Zone",2
818.151,"Info","Arena",4,"Exit_Zone",2
818.151,"Info","Arena",4,"Enter_Zone",4
818.184,"Info","Arena",4,"Exit_Zone",4
818.184,"Info","Arena",4,"Enter_Zone",2
818.286,"Info","Arena",4,"Exit_Zone",2
818.286,"Info","Arena",4,"Enter_Zone",4
818.317,"Info","Arena",4,"Exit_Zone",4
818.317,"Info","Arena",4,"Enter_Zone",2
818.384,"Info","Arena",4,"Exit_Zone",2
818.384,"Info","Arena",4,"Enter_Zone",4
818.419,"Info","Arena",4,"Exit_Zone",4
818.419,"Info","Arena",4,"Enter_Zone",2
818.486,"Info","Arena",4,"Exit_Zone",2
818.486,"Info","Arena",4,"Enter_Zone",4
818.517,"Info","Arena",4,"Exit_Zone",4
818.517,"Info","Arena",4,"Enter_Zone",2
818.619,"Info","Arena",4,"Exit_Zone",2
818.619,"Info","Arena",4,"Enter_Zone",4
818.717,"Info","Arena",4,"Exit_Zone",4
818.717,"Info","Arena",4,"Enter_Zone",2
818.851,"Info","Arena",4,"Exit_Zone",2
818.851,"Info","Arena",4,"Enter_Zone",4
818.884,"Info","Arena",4,"Exit_Zone",4
818.884,"Info","Arena",4,"Enter_Zone",2
818.917,"Info","Arena",4,"Exit_Zone",2
818.917,"Info","Arena",4,"Enter_Zone",4
818.953,"Info","Arena",4,"Exit_Zone",4
818.953,"Info","Arena",4,"Enter_Zone",2
818.984,"Info","Arena",4,"Exit_Zone",2
818.984,"Info","Arena",4,"Enter_Zone",4
819.051,"Info","Arena",4,"Exit_Zone",4
819.051,"Info","Arena",4,"Enter_Zone",2
819.084,"Info","Arena",4,"Exit_Zone",2
819.084,"Info","Arena",4,"Enter_Zone",4
819.119,"Info","Arena",4,"Exit_Zone",4
819.119,"Info","Arena",4,"Enter_Zone",2
819.184,"Info","Arena",4,"Exit_Zone",2
819.184,"Info","Arena",4,"Enter_Zone",4
819.286,"Info","Arena",4,"Exit_Zone",4
819.286,"Info","Arena",4,"Enter_Zone",2
819.417,"Info","Arena",4,"Exit_Zone",2
819.417,"Info","Arena",4,"Enter_Zone",4
819.453,"Info","Arena",4,"Exit_Zone",4
819.453,"Info","Arena",4,"Enter_Zone",2
819.517,"Info","Arena",4,"Exit_Zone",2
819.517,"Info","Arena",4,"Enter_Zone",4
819.584,"Info","Arena",4,"Exit_Zone",4
819.584,"Info","Arena",4,"Enter_Zone",2
819.619,"Info","Arena",4,"Exit_Zone",2
819.619,"Info","Arena",4,"Enter_Zone",4
819.717,"Info","Arena",4,"Exit_Zone",4
819.717,"Info","Arena",4,"Enter_Zone",2
819.984,"Info","Arena",4,"Exit_Zone",2
819.984,"Info","Arena",4,"Enter_Zone",4
820.217,"Info","Arena",4,"Exit_Zone",4
820.217,"Info","Arena",4,"Enter_Zone",2
820.250,"Info","Arena",4,"Exit_Zone",2
820.250,"Info","Arena",4,"Enter_Zone",4
820.286,"Info","Arena",4,"Exit_Zone",4
820.286,"Info","Arena",4,"Enter_Zone",2
820.384,"Info","Arena",4,"Exit_Zone",2
820.384,"Info","Arena",4,"Enter_Zone",4
820.417,"Info","Arena",4,"Exit_Zone",4
820.417,"Info","Arena",4,"Enter_Zone",2
820.517,"Info","Arena",4,"Exit_Zone",2
820.517,"Info","Arena",4,"Enter_Zone",4
820.584,"Info","Arena",4,"Exit_Zone",4
820.584,"Info","Arena",4,"Enter_Zone",2
821.452,"Info","Arena",4,"Exit_Zone",2
821.452,"Info","Arena",4,"Enter_Zone",4
821.483,"Info","Arena",4,"Exit_Zone",4
821.483,"Info","Arena",4,"Enter_Zone",2
821.619,"Info","Arena",4,"Exit_Zone",2
821.619,"Info","Arena",4,"Enter_Zone",4
821.650,"Info","Arena",4,"Exit_Zone",4
821.650,"Info","Arena",4,"Enter_Zone",2
821.683,"Info","Arena",4,"Exit_Zone",2
821.683,"Info","Arena",4,"Enter_Zone",4
821.750,"Info","Arena",4,"Exit_Zone",4
821.750,"Info","Arena",4,"Enter_Zone",2
821.850,"Info","Arena",4,"Exit_Zone",2
821.850,"Info","Arena",4,"Enter_Zone",4
822.017,"Info","Arena",4,"Exit_Zone",4
822.017,"Info","Arena",4,"Enter_Zone",2
823.285,"Info","Arena",4,"Exit_Zone",2
823.285,"Info","Arena",4,"Enter_Zone",4
823.350,"Info","Arena",4,"Exit_Zone",4
823.350,"Info","Arena",4,"Enter_Zone",2
823.816,"Info","Arena",4,"Exit_Zone",2
823.816,"Info","Arena",4,"Enter_Zone",4
823.850,"Info","Arena",4,"Exit_Zone",4
823.850,"Info","Arena",4,"Enter_Zone",2
823.952,"Info","Arena",4,"Exit_Zone",2
823.952,"Info","Arena",4,"Enter_Zone",4
823.983,"Info","Arena",4,"Exit_Zone",4
823.983,"Info","Arena",4,"Enter_Zone",2
824.952,"Info","Arena",4,"Exit_Zone",2
824.952,"Info","Arena",4,"Enter_Zone",4
824.983,"Info","Arena",4,"Exit_Zone",4
824.983,"Info","Arena",4,"Enter_Zone",2
825.083,"Info","Arena",4,"Exit_Zone",2
825.083,"Info","Arena",4,"Enter_Zone",4
825.316,"Info","Arena",4,"Exit_Zone",4
825.316,"Info","Arena",4,"Enter_Zone",2
825.383,"Info","Arena",4,"Exit_Zone",2
825.383,"Info","Arena",4,"Enter_Zone",4
825.849,"Info","Arena",4,"Exit_Zone",4
825.849,"Info","Arena",4,"Enter_Zone",2
825.883,"Info","Arena",4,"Exit_Zone",2
825.883,"Info","Arena",4,"Enter_Zone",4
825.916,"Info","Arena",4,"Exit_Zone",4
825.916,"Info","Arena",4,"Enter_Zone",2
825.952,"Info","Arena",4,"Exit_Zone",2
825.952,"Info","Arena",4,"Enter_Zone",4
825.983,"Info","Arena",4,"Exit_Zone",4
825.983,"Info","Arena",4,"Enter_Zone",2
826.016,"Info","Arena",4,"Exit_Zone",2
826.016,"Info","Arena",4,"Enter_Zone",4
826.118,"Info","Arena",4,"Exit_Zone",4
826.118,"Info","Arena",4,"Enter_Zone",2
826.149,"Info","Arena",4,"Exit_Zone",2
826.149,"Info","Arena",4,"Enter_Zone",4
826.349,"Info","Arena",4,"Exit_Zone",4
826.349,"Info","Arena",4,"Enter_Zone",2
826.416,"Info","Arena",4,"Exit_Zone",2
826.416,"Info","Arena",4,"Enter_Zone",4
826.516,"Info","Arena",4,"Exit_Zone",4
826.516,"Info","Arena",4,"Enter_Zone",2
826.549,"Info","Arena",4,"Exit_Zone",2
826.549,"Info","Arena",4,"Enter_Zone",4
826.649,"Info","Arena",4,"Exit_Zone",4
826.649,"Info","Arena",4,"Enter_Zone",2
826.682,"Info","Arena",4,"Exit_Zone",2
826.682,"Info","Arena",4,"Enter_Zone",4
826.749,"Info","Arena",4,"Exit_Zone",4
826.749,"Info","Arena",4,"Enter_Zone",2
826.784,"Info","Arena",4,"Exit_Zone",2
826.784,"Info","Arena",4,"Enter_Zone",4
826.816,"Info","Arena",4,"Exit_Zone",4
826.816,"Info","Arena",4,"Enter_Zone",2
826.882,"Info","Arena",4,"Exit_Zone",2
826.882,"Info","Arena",4,"Enter_Zone",4
826.916,"Info","Arena",4,"Exit_Zone",4
826.916,"Info","Arena",4,"Enter_Zone",2
827.016,"Info","Arena",4,"Exit_Zone",2
827.016,"Info","Arena",4,"Enter_Zone",4
827.049,"Info","Arena",4,"Exit_Zone",4
827.049,"Info","Arena",4,"Enter_Zone",2
827.182,"Info","Arena",4,"Exit_Zone",2
827.182,"Info","Arena",4,"Enter_Zone",4
827.416,"Info","Arena",4,"Exit_Zone",4
827.416,"Info","Arena",4,"Enter_Zone",2
827.582,"Info","Arena",4,"Exit_Zone",2
827.582,"Info","Arena",4,"Enter_Zone",4
827.716,"Info","Arena",4,"Exit_Zone",4
827.716,"Info","Arena",4,"Enter_Zone",2
827.784,"Info","Arena",4,"Exit_Zone",2
827.784,"Info","Arena",4,"Enter_Zone",4
827.816,"Info","Arena",4,"Exit_Zone",4
827.816,"Info","Arena",4,"Enter_Zone",2
827.849,"Info","Arena",4,"Exit_Zone",2
827.849,"Info","Arena",4,"Enter_Zone",4
827.916,"Info","Arena",4,"Exit_Zone",4
827.916,"Info","Arena",4,"Enter_Zone",2
827.951,"Info","Arena",4,"Exit_Zone",2
827.951,"Info","Arena",4,"Enter_Zone",4
828.118,"Info","Arena",4,"Exit_Zone",4
828.118,"Info","Arena",4,"Enter_Zone",2
828.149,"Info","Arena",4,"Exit_Zone",2
828.149,"Info","Arena",4,"Enter_Zone",4
828.216,"Info","Arena",4,"Exit_Zone",4
828.216,"Info","Arena",4,"Enter_Zone",2
828.316,"Info","Arena",4,"Exit_Zone",2
828.316,"Info","Arena",4,"Enter_Zone",4
828.349,"Info","Arena",4,"Exit_Zone",4
828.349,"Info","Arena",4,"Enter_Zone",2
828.452,"Info","Arena",4,"Exit_Zone",2
828.452,"Info","Arena",4,"Enter_Zone",4
828.484,"Info","Arena",4,"Exit_Zone",4
828.484,"Info","Arena",4,"Enter_Zone",2
828.516,"Info","Arena",4,"Exit_Zone",2
828.516,"Info","Arena",4,"Enter_Zone",4
828.549,"Info","Arena",4,"Exit_Zone",4
828.549,"Info","Arena",4,"Enter_Zone",2
828.582,"Info","Arena",4,"Exit_Zone",2
828.582,"Info","Arena",4,"Enter_Zone",4
828.882,"Info","Arena",4,"Exit_Zone",4
828.882,"Info","Arena",4,"Enter_Zone",2
828.951,"Info","Arena",4,"Exit_Zone",2
828.951,"Info","Arena",4,"Enter_Zone",4
829.049,"Info","Arena",4,"Exit_Zone",4
829.049,"Info","Arena",4,"Enter_Zone",2
829.082,"Info","Arena",4,"Exit_Zone",2
829.082,"Info","Arena",4,"Enter_Zone",4
829.117,"Info","Arena",4,"Exit_Zone",4
829.117,"Info","Arena",4,"Enter_Zone",2
829.182,"Info","Arena",4,"Exit_Zone",2
829.182,"Info","Arena",4,"Enter_Zone",4
829.415,"Info","Arena",4,"Exit_Zone",4
829.415,"Info","Arena",4,"Enter_Zone",2
829.451,"Info","Arena",4,"Exit_Zone",2
829.451,"Info","Arena",4,"Enter_Zone",4
829.549,"Info","Arena",4,"Exit_Zone",4
829.549,"Info","Arena",4,"Enter_Zone",2
829.582,"Info","Arena",4,"Exit_Zone",2
829.582,"Info","Arena",4,"Enter_Zone",4
829.617,"Info","Arena",4,"Exit_Zone",4
829.617,"Info","Arena",4,"Enter_Zone",2
829.749,"Info","Arena",4,"Exit_Zone",2
829.749,"Info","Arena",4,"Enter_Zone",4
829.784,"Info","Arena",4,"Exit_Zone",4
829.784,"Info","Arena",4,"Enter_Zone",2
829.915,"Info","Arena",4,"Exit_Zone",2
829.915,"Info","Arena",4,"Enter_Zone",4
829.982,"Info","Arena",4,"Exit_Zone",4
829.982,"Info","Arena",4,"Enter_Zone",2
830.015,"Info","Arena",4,"Exit_Zone",2
830.015,"Info","Arena",4,"Enter_Zone",4
830.082,"Info","Arena",4,"Exit_Zone",4
830.082,"Info","Arena",4,"Enter_Zone",2
830.117,"Info","Arena",4,"Exit_Zone",2
830.117,"Info","Arena",4,"Enter_Zone",4
830.149,"Info","Arena",4,"Exit_Zone",4
830.149,"Info","Arena",4,"Enter_Zone",2
830.215,"Info","Arena",4,"Exit_Zone",2
830.215,"Info","Arena",4,"Enter_Zone",4
830.249,"Info","Arena",4,"Exit_Zone",4
830.249,"Info","Arena",4,"Enter_Zone",2
830.315,"Info","Arena",4,"Exit_Zone",2
830.315,"Info","Arena",4,"Enter_Zone",4
830.348,"Info","Arena",4,"Exit_Zone",4
830.348,"Info","Arena",4,"Enter_Zone",2
830.415,"Info","Arena",4,"Exit_Zone",2
830.415,"Info","Arena",4,"Enter_Zone",4
830.450,"Info","Arena",4,"Exit_Zone",4
830.450,"Info","Arena",4,"Enter_Zone",2
830.515,"Info","Arena",4,"Exit_Zone",2
830.515,"Info","Arena",4,"Enter_Zone",4
830.748,"Info","Arena",4,"Exit_Zone",4
830.748,"Info","Arena",4,"Enter_Zone",2
830.815,"Info","Arena",4,"Exit_Zone",2
830.815,"Info","Arena",4,"Enter_Zone",4
830.882,"Info","Arena",4,"Exit_Zone",4
830.882,"Info","Arena",4,"Enter_Zone",2
830.915,"Info","Arena",4,"Exit_Zone",2
830.915,"Info","Arena",4,"Enter_Zone",4
830.950,"Info","Arena",4,"Exit_Zone",4
830.950,"Info","Arena",4,"Enter_Zone",2
831.148,"Info","Arena",4,"Exit_Zone",2
831.148,"Info","Arena",4,"Enter_Zone",4
831.182,"Info","Arena",4,"Exit_Zone",4
831.182,"Info","Arena",4,"Enter_Zone",2
831.315,"Info","Arena",4,"Exit_Zone",2
831.315,"Info","Arena",4,"Enter_Zone",4
831.348,"Info","Arena",4,"Exit_Zone",4
831.348,"Info","Arena",4,"Enter_Zone",2
831.582,"Info","Arena",4,"Exit_Zone",2
831.582,"Info","Arena",4,"Enter_Zone",4
831.617,"Info","Arena",4,"Exit_Zone",4
831.617,"Info","Arena",4,"Enter_Zone",2
831.648,"Info","Arena",4,"Exit_Zone",2
831.648,"Info","Arena",4,"Enter_Zone",4
831.681,"Info","Arena",4,"Exit_Zone",4
831.681,"Info","Arena",4,"Enter_Zone",2
831.715,"Info","Arena",4,"Exit_Zone",2
831.715,"Info","Arena",4,"Enter_Zone",4
832.481,"Info","Arena",4,"Exit_Zone",4
832.481,"Info","Arena",4,"Enter_Zone",2
832.548,"Info","Arena",4,"Exit_Zone",2
832.548,"Info","Arena",4,"Enter_Zone",4
832.581,"Info","Arena",4,"Exit_Zone",4
832.581,"Info","Arena",4,"Enter_Zone",2
837.347,"Info","Arena",9,"Exit_Zone",3
837.347,"Info","Arena",9,"Enter_Zone",4
837.480,"Info","Arena",9,"Exit_Zone",4
837.480,"Info","Arena",9,"Enter_Zone",3
837.514,"Info","Arena",9,"Exit_Zone",3
837.514,"Info","Arena",9,"Enter_Zone",4
837.580,"Info","Arena",9,"Exit_Zone",4
837.580,"Info","Arena",9,"Enter_Zone",3
849.280,"Info","Arena",9,"Exit_Zone",3
849.280,"Info","Arena",9,"Enter_Zone",4
849.811,"Info","Arena",9,"Exit_Zone",4
849.811,"Info","Arena",9,"Enter_Zone",3
849.845,"Info","Arena",9,"Exit_Zone",3
849.845,"Info","Arena",9,"Enter_Zone",4
849.978,"Info","Arena",9,"Exit_Zone",4
849.978,"Info","Arena",9,"Enter_Zone",3
850.178,"Info","Arena",9,"Exit_Zone",3
850.178,"Info","Arena",9,"Enter_Zone",4
851.078,"Info","Arena",9,"Exit_Zone",4
851.078,"Info","Arena",9,"Enter_Zone",3
851.211,"Info","Arena",9,"Exit_Zone",3
851.211,"Info","Arena",9,"Enter_Zone",4
851.245,"Info","Arena",9,"Exit_Zone",4
851.245,"Info","Arena",9,"Enter_Zone",3
851.578,"Info","Arena",9,"Exit_Zone",3
851.578,"Info","Arena",9,"Enter_Zone",4
851.613,"Info","Arena",9,"Exit_Zone",4
851.613,"Info","Arena",9,"Enter_Zone",3
853.779,"Info","Arena",9,"Exit_Zone",3
853.779,"Info","Arena",9,"Enter_Zone",4
854.011,"Info","Arena",9,"Exit_Zone",4
854.011,"Info","Arena",9,"Enter_Zone",3
854.046,"Info","Arena",9,"Exit_Zone",3
854.046,"Info","Arena",9,"Enter_Zone",4
854.077,"Info","Arena",9,"Exit_Zone",4
854.077,"Info","Arena",9,"Enter_Zone",3
854.344,"Info","Arena",12,"Exit_Zone",3
854.344,"Info","Arena",12,"Enter_Zone",4
854.446,"Info","Arena",9,"Exit_Zone",3
854.446,"Info","Arena",9,"Enter_Zone",4
854.477,"Info","Arena",9,"Exit_Zone",4
854.477,"Info","Arena",9,"Enter_Zone",3
854.577,"Info","Arena",9,"Exit_Zone",3
854.577,"Info","Arena",9,"Enter_Zone",4
854.644,"Info","Arena",9,"Exit_Zone",4
854.644,"Info","Arena",9,"Enter_Zone",3
854.677,"Info","Arena",9,"Exit_Zone",3
854.677,"Info","Arena",9,"Enter_Zone",4
854.779,"Info","Arena",9,"Exit_Zone",4
854.779,"Info","Arena",9,"Enter_Zone",3
854.811,"Info","Arena",9,"Exit_Zone",3
854.811,"Info","Arena",9,"Enter_Zone",4
855.244,"Info","Arena",9,"Exit_Zone",4
855.244,"Info","Arena",9,"Enter_Zone",3
855.810,"Info","Arena",9,"Exit_Zone",3
855.810,"Info","Arena",9,"Enter_Zone",4
855.844,"Info","Arena",9,"Exit_Zone",4
855.844,"Info","Arena",9,"Enter_Zone",3
857.010,"Info","Arena",9,"Exit_Zone",3
857.010,"Info","Arena",9,"Enter_Zone",4
862.876,"Info","Arena",12,"Exit_Zone",4
862.876,"Info","Arena",12,"Enter_Zone",2
885.805,"Info","Arena",12,"Exit_Zone",2
885.805,"Info","Arena",12,"Enter_Zone",4
933.564,"Info","Arena",12,"Exit_Zone",4
933.564,"Info","Arena",12,"Enter_Zone",1
940.861,"Info","Arena",12,"Exit_Zone",1
940.861,"Info","Arena",12,"Enter_Zone",4
940.894,"Info","Arena",12,"Exit_Zone",4
940.894,"Info","Arena",12,"Enter_Zone",1
940.994,"Info","Arena",12,"Exit_Zone",1
940.994,"Info","Arena",12,"Enter_Zone",4
943.894,"Info","Arena",4,"Exit_Zone",2
943.894,"Info","Arena",4,"Enter_Zone",4
943.960,"Info","Arena",4,"Exit_Zone",4
943.960,"Info","Arena",4,"Enter_Zone",2
943.994,"Info","Arena",4,"Exit_Zone",2
943.994,"Info","Arena",4,"Enter_Zone",4
944.027,"Info","Arena",4,"Exit_Zone",4
944.027,"Info","Arena",4,"Enter_Zone",2
944.060,"Info","Arena",4,"Exit_Zone",2
944.060,"Info","Arena",4,"Enter_Zone",4
944.096,"Info","Arena",4,"Exit_Zone",4
944.096,"Info","Arena",4,"Enter_Zone",2
944.429,"Info","Arena",4,"Exit_Zone",2
944.429,"Info","Arena",4,"Enter_Zone",4
944.494,"Info","Arena",4,"Exit_Zone",4
944.494,"Info","Arena",4,"Enter_Zone",2
944.827,"Info","Arena",4,"Exit_Zone",2
944.827,"Info","Arena",4,"Enter_Zone",4
944.860,"Info","Arena",4,"Exit_Zone",4
944.860,"Info","Arena",4,"Enter_Zone",2
944.960,"Info","Arena",4,"Exit_Zone",2
944.960,"Info","Arena",4,"Enter_Zone",4
944.994,"Info","Arena",4,"Exit_Zone",4
944.994,"Info","Arena",4,"Enter_Zone",2
945.027,"Info","Arena",4,"Exit_Zone",2
945.027,"Info","Arena",4,"Enter_Zone",4
945.060,"Info","Arena",4,"Exit_Zone",4
945.060,"Info","Arena",4,"Enter_Zone",2
945.360,"Info","Arena",4,"Exit_Zone",2
945.360,"Info","Arena",4,"Enter_Zone",4
945.429,"Info","Arena",4,"Exit_Zone",4
945.429,"Info","Arena",4,"Enter_Zone",2
945.460,"Info","Arena",4,"Exit_Zone",2
945.460,"Info","Arena",4,"Enter_Zone",4
945.527,"Info","Arena",4,"Exit_Zone",4
945.527,"Info","Arena",4,"Enter_Zone",2
945.560,"Info","Arena",4,"Exit_Zone",2
945.560,"Info","Arena",4,"Enter_Zone",4
945.660,"Info","Arena",4,"Exit_Zone",4
945.660,"Info","Arena",4,"Enter_Zone",2
945.693,"Info","Arena",4,"Exit_Zone",2
945.693,"Info","Arena",4,"Enter_Zone",4
953.892,"Info","Arena",4,"Exit_Zone",4
953.892,"Info","Arena",4,"Enter_Zone",2
953.927,"Info","Arena",4,"Exit_Zone",2
953.927,"Info","Arena",4,"Enter_Zone",4
962.957,"Info","Arena",12,"Exit_Zone",4
962.957,"Info","Arena",12,"Enter_Zone",1
963.357,"Info","Arena",12,"Exit_Zone",1
963.357,"Info","Arena",12,"Enter_Zone",4
963.690,"Info","Arena",12,"Exit_Zone",4
963.690,"Info","Arena",12,"Enter_Zone",1
966.390,"Info","Arena",12,"Exit_Zone",1
966.390,"Info","Arena",12,"Enter_Zone",4
967.556,"Info","Arena",4,"Exit_Zone",4
967.556,"Info","Arena",4,"Enter_Zone",2
967.591,"Info","Arena",4,"Exit_Zone",2
967.591,"Info","Arena",4,"Enter_Zone",4
967.823,"Info","Arena",4,"Exit_Zone",4
967.823,"Info","Arena",4,"Enter_Zone",2
967.956,"Info","Arena",4,"Exit_Zone",2
967.956,"Info","Arena",4,"Enter_Zone",4
976.188,"Info","Arena",12,"Exit_Zone",4
976.188,"Info","Arena",12,"Enter_Zone",1
976.423,"Info","Arena",12,"Exit_Zone",1
976.423,"Info","Arena",12,"Enter_Zone",4
976.554,"Info","Arena",12,"Exit_Zone",4
976.554,"Info","Arena",12,"Enter_Zone",1
976.590,"Info","Arena",12,"Exit_Zone",1
976.590,"Info","Arena",12,"Enter_Zone",4
977.387,"Info","Arena",12,"Exit_Zone",4
977.387,"Info","Arena",12,"Enter_Zone",1
977.923,"Info","Arena",12,"Exit_Zone",1
977.923,"Info","Arena",12,"Enter_Zone",4
977.954,"Info","Arena",12,"Exit_Zone",4
977.954,"Info","Arena",12,"Enter_Zone",1
977.987,"Info","Arena",12,"Exit_Zone",1
977.987,"Info","Arena",12,"Enter_Zone",4
978.021,"Info","Arena",12,"Exit_Zone",4
978.021,"Info","Arena",12,"Enter_Zone",1
978.455,"Info","Arena",12,"Exit_Zone",1
978.455,"Info","Arena",12,"Enter_Zone",4
978.554,"Info","Arena",12,"Exit_Zone",4
978.554,"Info","Arena",12,"Enter_Zone",1
978.721,"Info","Arena",12,"Exit_Zone",1
978.721,"Info","Arena",12,"Enter_Zone",4
979.554,"Info","Arena",4,"Exit_Zone",4
979.554,"Info","Arena",4,"Enter_Zone",3
987.088,"Info","Arena",12,"Exit_Zone",4
987.088,"Info","Arena",12,"Enter_Zone",1
989.920,"Info","Arena",4,"Exit_Zone",3
989.920,"Info","Arena",4,"Enter_Zone",4
993.818,"Info","Arena",4,"Exit_Zone",4
993.818,"Info","Arena",4,"Enter_Zone",1
993.920,"Info","Arena",4,"Exit_Zone",1
993.920,"Info","Arena",4,"Enter_Zone",4
993.951,"Info","Arena",4,"Exit_Zone",4
993.951,"Info","Arena",4,"Enter_Zone",1
994.351,"Info","Arena",9,"Exit_Zone",4
994.351,"Info","Arena",9,"Enter_Zone",1
1015.547,"Info","Arena",4,"Exit_Zone",1
1015.547,"Info","Arena",4,"Enter_Zone",4
1023.712,"Info","Arena",4,"Exit_Zone",4
1023.712,"Info","Arena",4,"Enter_Zone",3
1051.742,"Info","Arena",4,"Exit_Zone",3
1051.742,"Info","Arena",4,"Enter_Zone",4
1203.345,"Info","Arena",11,"Exit_Zone",1
1203.345,"Info","Arena",11,"Enter_Zone",4
1210.644,"Info","Arena",11,"Exit_Zone",4
1210.644,"Info","Arena",11,"Enter_Zone",3
1228.209,"Info","Arena",4,"Exit_Zone",4
1228.209,"Info","Arena",4,"Enter_Zone",1
1228.240,"Info","Arena",4,"Exit_Zone",1
1228.240,"Info","Arena",4,"Enter_Zone",4
1228.274,"Info","Arena",4,"Exit_Zone",4
1228.274,"Info","Arena",4,"Enter_Zone",1
1228.340,"Info","Arena",4,"Exit_Zone",1
1228.340,"Info","Arena",4,"Enter_Zone",4
1228.674,"Info","Arena",4,"Exit_Zone",4
1228.674,"Info","Arena",4,"Enter_Zone",1
1228.773,"Info","Arena",4,"Exit_Zone",1
1228.773,"Info","Arena",4,"Enter_Zone",4
1228.807,"Info","Arena",4,"Exit_Zone",4
1228.807,"Info","Arena",4,"Enter_Zone",1
1228.840,"Info","Arena",4,"Exit_Zone",1
1228.840,"Info","Arena",4,"Enter_Zone",4
1228.876,"Info","Arena",4,"Exit_Zone",4
1228.876,"Info","Arena",4,"Enter_Zone",1
1230.273,"Info","Arena",4,"Exit_Zone",1
1230.273,"Info","Arena",4,"Enter_Zone",4
1230.307,"Info","Arena",4,"Exit_Zone",4
1230.307,"Info","Arena",4,"Enter_Zone",1
1230.407,"Info","Arena",4,"Exit_Zone",1
1230.407,"Info","Arena",4,"Enter_Zone",4
1230.440,"Info","Arena",4,"Exit_Zone",4
1230.440,"Info","Arena",4,"Enter_Zone",1
1230.506,"Info","Arena",4,"Exit_Zone",1
1230.506,"Info","Arena",4,"Enter_Zone",4
1230.542,"Info","Arena",4,"Exit_Zone",4
1230.542,"Info","Arena",4,"Enter_Zone",1
1230.573,"Info","Arena",4,"Exit_Zone",1
1230.573,"Info","Arena",4,"Enter_Zone",4
1230.640,"Info","Arena",4,"Exit_Zone",4
1230.640,"Info","Arena",4,"Enter_Zone",1
1230.709,"Info","Arena",4,"Exit_Zone",1
1230.709,"Info","Arena",4,"Enter_Zone",4
1230.875,"Info","Arena",4,"Exit_Zone",4
1230.875,"Info","Arena",4,"Enter_Zone",1
1230.906,"Info","Arena",4,"Exit_Zone",1
1230.906,"Info","Arena",4,"Enter_Zone",4
1231.340,"Info","Arena",4,"Exit_Zone",4
1231.340,"Info","Arena",4,"Enter_Zone",1
1369.849,"Info","Arena",4,"Exit_Zone",1
1369.849,"Info","Arena",4,"Enter_Zone",4
1375.946,"Info","Arena",4,"Exit_Zone",4
1375.946,"Info","Arena",4,"Enter_Zone",2
1387.744,"Info","Arena",4,"Exit_Zone",2
1387.744,"Info","Arena",4,"Enter_Zone",4
1392.809,"Info","Arena",4,"Exit_Zone",4
1392.809,"Info","Arena",4,"Enter_Zone",3
1401.074,"Info","Arena",4,"Exit_Zone",3
1401.074,"Info","Arena",4,"Enter_Zone",4
1405.973,"Info","Arena",4,"Exit_Zone",4
1405.973,"Info","Arena",4,"Enter_Zone",1
1420.904,"Info","Arena",4,"Exit_Zone",1
1420.904,"Info","Arena",4,"Enter_Zone",4
1424.505,"Info","Arena",4,"Exit_Zone",4
1424.505,"Info","Arena",4,"Enter_Zone",2
1449.399,"Info","Arena",4,"Exit_Zone",2
1449.399,"Info","Arena",4,"Enter_Zone",4
1800.533,"Info","Arena",8,"Exit_Zone",1
1800.533,"Info","Arena",8,"Enter_Zone",4
1803.632,"Info","Arena",8,"Exit_Zone",4
1803.632,"Info","Arena",8,"Enter_Zone",3
1809.100,"Info","Arena",13,"Exit_Zone",3
1809.100,"Info","Arena",13,"Enter_Zone",4
1811.364,"Info","Arena",13,"Exit_Zone",4
1811.364,"Info","Arena",13,"Enter_Zone",3
1813.563,"Info","Arena",10,"Exit_Zone",1
1813.563,"Info","Arena",10,"Enter_Zone",4
1818.229,"Info","Arena",10,"Exit_Zone",4
1818.229,"Info","Arena",10,"Enter_Zone",2
1824.961,"Info","Arena",8,"Exit_Zone",3
1824.961,"Info","Arena",8,"Enter_Zone",4
1831.360,"Info","Arena",8,"Exit_Zone",4
1831.360,"Info","Arena",8,"Enter_Zone",2
1881.484,"Info","Arena",11,"Exit_Zone",3
1881.484,"Info","Arena",11,"Enter_Zone",4
1888.316,"Info","Arena",11,"Exit_Zone",4
1888.316,"Info","Arena",11,"Enter_Zone",2
1888.349,"Info","Arena",11,"Exit_Zone",2
1888.349,"Info","Arena",11,"Enter_Zone",4
1888.383,"Info","Arena",11,"Exit_Zone",4
1888.383,"Info","Arena",11,"Enter_Zone",2
1917.677,"Info","Arena",13,"Exit_Zone",3
1917.677,"Info","Arena",13,"Enter_Zone",4
1917.711,"Info","Arena",13,"Exit_Zone",4
1917.711,"Info","Arena",13,"Enter_Zone",3
1917.944,"Info","Arena",13,"Exit_Zone",3
1917.944,"Info","Arena",13,"Enter_Zone",4
1917.977,"Info","Arena",13,"Exit_Zone",4
1917.977,"Info","Arena",13,"Enter_Zone",3
1922.276,"Info","Arena",1,"Exit_Zone",4
1922.276,"Info","Arena",1,"Enter_Zone",3
1922.943,"Info","Arena",13,"Exit_Zone",3
1922.943,"Info","Arena",13,"Enter_Zone",4
1922.976,"Info","Arena",13,"Exit_Zone",4
1922.976,"Info","Arena",13,"Enter_Zone",3
1923.310,"Info","Arena",13,"Exit_Zone",3
1923.310,"Info","Arena",13,"Enter_Zone",4
1923.343,"Info","Arena",13,"Exit_Zone",4
1923.343,"Info","Arena",13,"Enter_Zone",3
1924.078,"Info","Arena",13,"Exit_Zone",3
1924.078,"Info","Arena",13,"Enter_Zone",4
1924.109,"Info","Arena",13,"Exit_Zone",4
1924.109,"Info","Arena",13,"Enter_Zone",3
1924.276,"Info","Arena",13,"Exit_Zone",3
1924.276,"Info","Arena",13,"Enter_Zone",4
1924.309,"Info","Arena",13,"Exit_Zone",4
1924.309,"Info","Arena",13,"Enter_Zone",3
1924.976,"Info","Arena",13,"Exit_Zone",3
1924.976,"Info","Arena",13,"Enter_Zone",4
1925.009,"Info","Arena",13,"Exit_Zone",4
1925.009,"Info","Arena",13,"Enter_Zone",3
1925.309,"Info","Arena",13,"Exit_Zone",3
1925.309,"Info","Arena",13,"Enter_Zone",4
1925.342,"Info","Arena",13,"Exit_Zone",4
1925.342,"Info","Arena",13,"Enter_Zone",3
1925.578,"Info","Arena",13,"Exit_Zone",3
1925.578,"Info","Arena",13,"Enter_Zone",4
1925.610,"Info","Arena",13,"Exit_Zone",4
1925.610,"Info","Arena",13,"Enter_Zone",3
1925.809,"Info","Arena",13,"Exit_Zone",3
1925.809,"Info","Arena",13,"Enter_Zone",4
1925.842,"Info","Arena",13,"Exit_Zone",4
1925.842,"Info","Arena",13,"Enter_Zone",3
1926.009,"Info","Arena",13,"Exit_Zone",3
1926.009,"Info","Arena",13,"Enter_Zone",4
1926.042,"Info","Arena",13,"Exit_Zone",4
1926.042,"Info","Arena",13,"Enter_Zone",3
1926.709,"Info","Arena",13,"Exit_Zone",3
1926.709,"Info","Arena",13,"Enter_Zone",4
1926.744,"Info","Arena",13,"Exit_Zone",4
1926.744,"Info","Arena",13,"Enter_Zone",3
1927.309,"Info","Arena",13,"Exit_Zone",3
1927.309,"Info","Arena",13,"Enter_Zone",4
1927.342,"Info","Arena",13,"Exit_Zone",4
1927.342,"Info","Arena",13,"Enter_Zone",3
1927.542,"Info","Arena",13,"Exit_Zone",3
1927.542,"Info","Arena",13,"Enter_Zone",4
1927.577,"Info","Arena",13,"Exit_Zone",4
1927.577,"Info","Arena",13,"Enter_Zone",3
1927.609,"Info","Arena",13,"Exit_Zone",3
1927.609,"Info","Arena",13,"Enter_Zone",4
1927.642,"Info","Arena",13,"Exit_Zone",4
1927.642,"Info","Arena",13,"Enter_Zone",3
1927.809,"Info","Arena",13,"Exit_Zone",3
1927.809,"Info","Arena",13,"Enter_Zone",4
1927.842,"Info","Arena",13,"Exit_Zone",4
1927.842,"Info","Arena",13,"Enter_Zone",3
1928.042,"Info","Arena",13,"Exit_Zone",3
1928.042,"Info","Arena",13,"Enter_Zone",4
1928.077,"Info","Arena",13,"Exit_Zone",4
1928.077,"Info","Arena",13,"Enter_Zone",3
1928.209,"Info","Arena",13,"Exit_Zone",3
1928.209,"Info","Arena",13,"Enter_Zone",4
1928.244,"Info","Arena",13,"Exit_Zone",4
1928.244,"Info","Arena",13,"Enter_Zone",3
1928.609,"Info","Arena",13,"Exit_Zone",3
1928.609,"Info","Arena",13,"Enter_Zone",4
1928.643,"Info","Arena",13,"Exit_Zone",4
1928.643,"Info","Arena",13,"Enter_Zone",3
1928.675,"Info","Arena",13,"Exit_Zone",3
1928.675,"Info","Arena",13,"Enter_Zone",4
1928.709,"Info","Arena",13,"Exit_Zone",4
1928.709,"Info","Arena",13,"Enter_Zone",3
1928.744,"Info","Arena",13,"Exit_Zone",3
1928.744,"Info","Arena",13,"Enter_Zone",4
1928.775,"Info","Arena",13,"Exit_Zone",4
1928.775,"Info","Arena",13,"Enter_Zone",3
1928.875,"Info","Arena",13,"Exit_Zone",3
1928.875,"Info","Arena",13,"Enter_Zone",4
1928.910,"Info","Arena",13,"Exit_Zone",4
1928.910,"Info","Arena",13,"Enter_Zone",3
1929.208,"Info","Arena",13,"Exit_Zone",3
1929.208,"Info","Arena",13,"Enter_Zone",4
1929.244,"Info","Arena",13,"Exit_Zone",4
1929.244,"Info","Arena",13,"Enter_Zone",3
1929.308,"Info","Arena",13,"Exit_Zone",3
1929.308,"Info","Arena",13,"Enter_Zone",4
1929.343,"Info","Arena",13,"Exit_Zone",4
1929.343,"Info","Arena",13,"Enter_Zone",3
1929.442,"Info","Arena",13,"Exit_Zone",3
1929.442,"Info","Arena",13,"Enter_Zone",4
1929.542,"Info","Arena",13,"Exit_Zone",4
1929.542,"Info","Arena",13,"Enter_Zone",3
1929.708,"Info","Arena",13,"Exit_Zone",3
1929.708,"Info","Arena",13,"Enter_Zone",4
1929.744,"Info","Arena",13,"Exit_Zone",4
1929.744,"Info","Arena",13,"Enter_Zone",3
1929.942,"Info","Arena",13,"Exit_Zone",3
1929.942,"Info","Arena",13,"Enter_Zone",4
1929.975,"Info","Arena",13,"Exit_Zone",4
1929.975,"Info","Arena",13,"Enter_Zone",3
1930.008,"Info","Arena",13,"Exit_Zone",3
1930.008,"Info","Arena",13,"Enter_Zone",4
1930.108,"Info","Arena",13,"Exit_Zone",4
1930.108,"Info","Arena",13,"Enter_Zone",3
1930.142,"Info","Arena",13,"Exit_Zone",3
1930.142,"Info","Arena",13,"Enter_Zone",4
1930.208,"Info","Arena",13,"Exit_Zone",4
1930.208,"Info","Arena",13,"Enter_Zone",3
1930.244,"Info","Arena",13,"Exit_Zone",3
1930.244,"Info","Arena",13,"Enter_Zone",4
1930.275,"Info","Arena",13,"Exit_Zone",4
1930.275,"Info","Arena",13,"Enter_Zone",3
1930.577,"Info","Arena",13,"Exit_Zone",3
1930.577,"Info","Arena",13,"Enter_Zone",4
1930.641,"Info","Arena",13,"Exit_Zone",4
1930.641,"Info","Arena",13,"Enter_Zone",3
1930.808,"Info","Arena",13,"Exit_Zone",3
1930.808,"Info","Arena",13,"Enter_Zone",4
1930.875,"Info","Arena",13,"Exit_Zone",4
1930.875,"Info","Arena",13,"Enter_Zone",3
1930.910,"Info","Arena",13,"Exit_Zone",3
1930.910,"Info","Arena",13,"Enter_Zone",4
1931.041,"Info","Arena",13,"Exit_Zone",4
1931.041,"Info","Arena",13,"Enter_Zone",3
1931.141,"Info","Arena",13,"Exit_Zone",3
1931.141,"Info","Arena",13,"Enter_Zone",4
1931.208,"Info","Arena",13,"Exit_Zone",4
1931.208,"Info","Arena",13,"Enter_Zone",3
1931.308,"Info","Arena",13,"Exit_Zone",3
1931.308,"Info","Arena",13,"Enter_Zone",4
1931.341,"Info","Arena",13,"Exit_Zone",4
1931.341,"Info","Arena",13,"Enter_Zone",3
1931.410,"Info","Arena",13,"Exit_Zone",3
1931.410,"Info","Arena",13,"Enter_Zone",4
1931.441,"Info","Arena",13,"Exit_Zone",4
1931.441,"Info","Arena",13,"Enter_Zone",3
1931.475,"Info","Arena",13,"Exit_Zone",3
1931.475,"Info","Arena",13,"Enter_Zone",4
1931.508,"Info","Arena",13,"Exit_Zone",4
1931.508,"Info","Arena",13,"Enter_Zone",3
1931.541,"Info","Arena",13,"Exit_Zone",3
1931.541,"Info","Arena",13,"Enter_Zone",4
1931.608,"Info","Arena",13,"Exit_Zone",4
1931.608,"Info","Arena",13,"Enter_Zone",3
1931.641,"Info","Arena",8,"Exit_Zone",2
1931.641,"Info","Arena",8,"Enter_Zone",4
1931.708,"Info","Arena",13,"Exit_Zone",3
1931.708,"Info","Arena",13,"Enter_Zone",4
1931.743,"Info","Arena",13,"Exit_Zone",4
1931.743,"Info","Arena",13,"Enter_Zone",3
1931.775,"Info","Arena",13,"Exit_Zone",3
1931.775,"Info","Arena",13,"Enter_Zone",4
1931.808,"Info","Arena",13,"Exit_Zone",4
1931.808,"Info","Arena",13,"Enter_Zone",3
1931.841,"Info","Arena",13,"Exit_Zone",3
1931.841,"Info","Arena",13,"Enter_Zone",4
1931.875,"Info","Arena",13,"Exit_Zone",4
1931.875,"Info","Arena",13,"Enter_Zone",3
1931.975,"Info","Arena",13,"Exit_Zone",3
1931.975,"Info","Arena",13,"Enter_Zone",4
1932.008,"Info","Arena",13,"Exit_Zone",4
1932.008,"Info","Arena",13,"Enter_Zone",3
1932.175,"Info","Arena",13,"Exit_Zone",3
1932.175,"Info","Arena",13,"Enter_Zone",4
1932.208,"Info","Arena",13,"Exit_Zone",4
1932.208,"Info","Arena",13,"Enter_Zone",3
1932.243,"Info","Arena",13,"Exit_Zone",3
1932.243,"Info","Arena",13,"Enter_Zone",4
1932.275,"Info","Arena",13,"Exit_Zone",4
1932.275,"Info","Arena",13,"Enter_Zone",3
1932.374,"Info","Arena",13,"Exit_Zone",3
1932.374,"Info","Arena",13,"Enter_Zone",4
1932.441,"Info","Arena",13,"Exit_Zone",4
1932.441,"Info","Arena",13,"Enter_Zone",3
1932.474,"Info","Arena",13,"Exit_Zone",3
1932.474,"Info","Arena",13,"Enter_Zone",4
1932.508,"Info","Arena",13,"Exit_Zone",4
1932.508,"Info","Arena",13,"Enter_Zone",3
1932.577,"Info","Arena",13,"Exit_Zone",3
1932.577,"Info","Arena",13,"Enter_Zone",4
1932.641,"Info","Arena",13,"Exit_Zone",4
1932.641,"Info","Arena",13,"Enter_Zone",3
1932.808,"Info","Arena",13,"Exit_Zone",3
1932.808,"Info","Arena",13,"Enter_Zone",4
1932.841,"Info","Arena",13,"Exit_Zone",4
1932.841,"Info","Arena",13,"Enter_Zone",3
1932.874,"Info","Arena",13,"Exit_Zone",3
1932.874,"Info","Arena",13,"Enter_Zone",4
1932.975,"Info","Arena",13,"Exit_Zone",4
1932.975,"Info","Arena",13,"Enter_Zone",3
1933.174,"Info","Arena",13,"Exit_Zone",3
1933.174,"Info","Arena",13,"Enter_Zone",4
1933.308,"Info","Arena",13,"Exit_Zone",4
1933.308,"Info","Arena",13,"Enter_Zone",3
1933.341,"Info","Arena",13,"Exit_Zone",3
1933.341,"Info","Arena",13,"Enter_Zone",4
1933.374,"Info","Arena",13,"Exit_Zone",4
1933.374,"Info","Arena",13,"Enter_Zone",3
1933.442,"Info","Arena",13,"Exit_Zone",3
1933.442,"Info","Arena",13,"Enter_Zone",4
1933.476,"Info","Arena",13,"Exit_Zone",4
1933.476,"Info","Arena",13,"Enter_Zone",3
1933.509,"Info","Arena",13,"Exit_Zone",3
1933.509,"Info","Arena",13,"Enter_Zone",4
1933.578,"Info","Arena",13,"Exit_Zone",4
1933.578,"Info","Arena",13,"Enter_Zone",3
1933.675,"Info","Arena",13,"Exit_Zone",3
1933.675,"Info","Arena",13,"Enter_Zone",4
1933.708,"Info","Arena",13,"Exit_Zone",4
1933.708,"Info","Arena",13,"Enter_Zone",3
1933.743,"Info","Arena",13,"Exit_Zone",3
1933.743,"Info","Arena",13,"Enter_Zone",4
1933.808,"Info","Arena",13,"Exit_Zone",4
1933.808,"Info","Arena",13,"Enter_Zone",3
1933.874,"Info","Arena",13,"Exit_Zone",3
1933.874,"Info","Arena",13,"Enter_Zone",4
1933.974,"Info","Arena",13,"Exit_Zone",4
1933.974,"Info","Arena",13,"Enter_Zone",3
1934.008,"Info","Arena",13,"Exit_Zone",3
1934.008,"Info","Arena",13,"Enter_Zone",4
1934.041,"Info","Arena",13,"Exit_Zone",4
1934.041,"Info","Arena",13,"Enter_Zone",3
1934.076,"Info","Arena",13,"Exit_Zone",3
1934.076,"Info","Arena",13,"Enter_Zone",4
1934.107,"Info","Arena",13,"Exit_Zone",4
1934.107,"Info","Arena",13,"Enter_Zone",3
1934.141,"Info","Arena",13,"Exit_Zone",3
1934.141,"Info","Arena",13,"Enter_Zone",4
1934.208,"Info","Arena",13,"Exit_Zone",4
1934.208,"Info","Arena",13,"Enter_Zone",3
1934.243,"Info","Arena",13,"Exit_Zone",3
1934.243,"Info","Arena",13,"Enter_Zone",4
1934.275,"Info","Arena",13,"Exit_Zone",4
1934.275,"Info","Arena",13,"Enter_Zone",3
1934.374,"Info","Arena",13,"Exit_Zone",3
1934.374,"Info","Arena",13,"Enter_Zone",4
1934.441,"Info","Arena",13,"Exit_Zone",4
1934.441,"Info","Arena",13,"Enter_Zone",3
1934.474,"Info","Arena",13,"Exit_Zone",3
1934.474,"Info","Arena",13,"Enter_Zone",4
1934.541,"Info","Arena",13,"Exit_Zone",4
1934.541,"Info","Arena",13,"Enter_Zone",3
1934.607,"Info","Arena",13,"Exit_Zone",3
1934.607,"Info","Arena",13,"Enter_Zone",4
1934.641,"Info","Arena",13,"Exit_Zone",4
1934.641,"Info","Arena",13,"Enter_Zone",3
1934.674,"Info","Arena",13,"Exit_Zone",3
1934.674,"Info","Arena",13,"Enter_Zone",4
1934.743,"Info","Arena",13,"Exit_Zone",4
1934.743,"Info","Arena",13,"Enter_Zone",3
1934.774,"Info","Arena",13,"Exit_Zone",3
1934.774,"Info","Arena",13,"Enter_Zone",4
1934.841,"Info","Arena",13,"Exit_Zone",4
1934.841,"Info","Arena",13,"Enter_Zone",3
1934.941,"Info","Arena",13,"Exit_Zone",3
1934.941,"Info","Arena",13,"Enter_Zone",4
1934.974,"Info","Arena",13,"Exit_Zone",4
1934.974,"Info","Arena",13,"Enter_Zone",3
1935.041,"Info","Arena",13,"Exit_Zone",3
1935.041,"Info","Arena",13,"Enter_Zone",4
1935.207,"Info","Arena",13,"Exit_Zone",4
1935.207,"Info","Arena",13,"Enter_Zone",3
1935.243,"Info","Arena",13,"Exit_Zone",3
1935.243,"Info","Arena",13,"Enter_Zone",4
1935.274,"Info","Arena",13,"Exit_Zone",4
1935.274,"Info","Arena",13,"Enter_Zone",3
1935.307,"Info","Arena",13,"Exit_Zone",3
1935.307,"Info","Arena",13,"Enter_Zone",4
1935.541,"Info","Arena",13,"Exit_Zone",4
1935.541,"Info","Arena",13,"Enter_Zone",3
1935.576,"Info","Arena",13,"Exit_Zone",3
1935.576,"Info","Arena",13,"Enter_Zone",4
1935.641,"Info","Arena",13,"Exit_Zone",4
1935.641,"Info","Arena",13,"Enter_Zone",3
1935.674,"Info","Arena",13,"Exit_Zone",3
1935.674,"Info","Arena",13,"Enter_Zone",4
1935.707,"Info","Arena",13,"Exit_Zone",4
1935.707,"Info","Arena",13,"Enter_Zone",3
1935.743,"Info","Arena",13,"Exit_Zone",3
1935.743,"Info","Arena",13,"Enter_Zone",4
1935.874,"Info","Arena",13,"Exit_Zone",4
1935.874,"Info","Arena",13,"Enter_Zone",3
1935.909,"Info","Arena",13,"Exit_Zone",3
1935.909,"Info","Arena",13,"Enter_Zone",4
1935.974,"Info","Arena",13,"Exit_Zone",4
1935.974,"Info","Arena",13,"Enter_Zone",3
1936.007,"Info","Arena",13,"Exit_Zone",3
1936.007,"Info","Arena",13,"Enter_Zone",4
1936.374,"Info","Arena",13,"Exit_Zone",4
1936.374,"Info","Arena",13,"Enter_Zone",3
1936.409,"Info","Arena",13,"Exit_Zone",3
1936.409,"Info","Arena",13,"Enter_Zone",4
1936.674,"Info","Arena",13,"Exit_Zone",4
1936.674,"Info","Arena",13,"Enter_Zone",3
1936.707,"Info","Arena",13,"Exit_Zone",3
1936.707,"Info","Arena",13,"Enter_Zone",4
1936.742,"Info","Arena",13,"Exit_Zone",4
1936.742,"Info","Arena",13,"Enter_Zone",3
1936.774,"Info","Arena",13,"Exit_Zone",3
1936.774,"Info","Arena",13,"Enter_Zone",4
1936.974,"Info","Arena",13,"Exit_Zone",4
1936.974,"Info","Arena",13,"Enter_Zone",3
1937.174,"Info","Arena",13,"Exit_Zone",3
1937.174,"Info","Arena",13,"Enter_Zone",4
1937.207,"Info","Arena",13,"Exit_Zone",4
1937.207,"Info","Arena",13,"Enter_Zone",3
1937.242,"Info","Arena",8,"Exit_Zone",4
1937.242,"Info","Arena",8,"Enter_Zone",1
1937.242,"Info","Arena",13,"Exit_Zone",3
1937.242,"Info","Arena",13,"Enter_Zone",4
1937.340,"Info","Arena",13,"Exit_Zone",4
1937.340,"Info","Arena",13,"Enter_Zone",3
1937.374,"Info","Arena",13,"Exit_Zone",3
1937.374,"Info","Arena",13,"Enter_Zone",4
1937.409,"Info","Arena",13,"Exit_Zone",4
1937.409,"Info","Arena",13,"Enter_Zone",3
1937.474,"Info","Arena",13,"Exit_Zone",3
1937.474,"Info","Arena",13,"Enter_Zone",4
1937.540,"Info","Arena",13,"Exit_Zone",4
1937.540,"Info","Arena",13,"Enter_Zone",3
1937.640,"Info","Arena",13,"Exit_Zone",3
1937.640,"Info","Arena",13,"Enter_Zone",4
1937.807,"Info","Arena",13,"Exit_Zone",4
1937.807,"Info","Arena",13,"Enter_Zone",3
1937.840,"Info","Arena",13,"Exit_Zone",3
1937.840,"Info","Arena",13,"Enter_Zone",4
1937.873,"Info","Arena",13,"Exit_Zone",4
1937.873,"Info","Arena",13,"Enter_Zone",3
1937.909,"Info","Arena",13,"Exit_Zone",3
1937.909,"Info","Arena",13,"Enter_Zone",4
1937.973,"Info","Arena",13,"Exit_Zone",4
1937.973,"Info","Arena",13,"Enter_Zone",3
1938.040,"Info","Arena",13,"Exit_Zone",3
1938.040,"Info","Arena",13,"Enter_Zone",4
1938.075,"Info","Arena",13,"Exit_Zone",4
1938.075,"Info","Arena",13,"Enter_Zone",3
1938.107,"Info","Arena",13,"Exit_Zone",3
1938.107,"Info","Arena",13,"Enter_Zone",4
1938.140,"Info","Arena",13,"Exit_Zone",4
1938.140,"Info","Arena",13,"Enter_Zone",3
1938.173,"Info","Arena",13,"Exit_Zone",3
1938.173,"Info","Arena",13,"Enter_Zone",4
1938.242,"Info","Arena",13,"Exit_Zone",4
1938.242,"Info","Arena",13,"Enter_Zone",3
1938.340,"Info","Arena",13,"Exit_Zone",3
1938.340,"Info","Arena",13,"Enter_Zone",4
1938.442,"Info","Arena",13,"Exit_Zone",4
1938.442,"Info","Arena",13,"Enter_Zone",3
1938.540,"Info","Arena",13,"Exit_Zone",3
1938.540,"Info","Arena",13,"Enter_Zone",4
1938.640,"Info","Arena",13,"Exit_Zone",4
1938.640,"Info","Arena",13,"Enter_Zone",3
1938.673,"Info","Arena",13,"Exit_Zone",3
1938.673,"Info","Arena",13,"Enter_Zone",4
1938.707,"Info","Arena",13,"Exit_Zone",4
1938.707,"Info","Arena",13,"Enter_Zone",3
1938.742,"Info","Arena",13,"Exit_Zone",3
1938.742,"Info","Arena",13,"Enter_Zone",4
1938.773,"Info","Arena",13,"Exit_Zone",4
1938.773,"Info","Arena",13,"Enter_Zone",3
1938.807,"Info","Arena",13,"Exit_Zone",3
1938.807,"Info","Arena",13,"Enter_Zone",4
1938.873,"Info","Arena",13,"Exit_Zone",4
1938.873,"Info","Arena",13,"Enter_Zone",3
1938.909,"Info","Arena",13,"Exit_Zone",3
1938.909,"Info","Arena",13,"Enter_Zone",4
1938.940,"Info","Arena",13,"Exit_Zone",4
1938.940,"Info","Arena",13,"Enter_Zone",3
1938.973,"Info","Arena",13,"Exit_Zone",3
1938.973,"Info","Arena",13,"Enter_Zone",4
1939.173,"Info","Arena",13,"Exit_Zone",4
1939.173,"Info","Arena",13,"Enter_Zone",3
1939.207,"Info","Arena",13,"Exit_Zone",3
1939.207,"Info","Arena",13,"Enter_Zone",4
1939.273,"Info","Arena",13,"Exit_Zone",4
1939.273,"Info","Arena",13,"Enter_Zone",3
1939.307,"Info","Arena",13,"Exit_Zone",3
1939.307,"Info","Arena",13,"Enter_Zone",4
1939.373,"Info","Arena",13,"Exit_Zone",4
1939.373,"Info","Arena",13,"Enter_Zone",3
1939.440,"Info","Arena",13,"Exit_Zone",3
1939.440,"Info","Arena",13,"Enter_Zone",4
1939.575,"Info","Arena",13,"Exit_Zone",4
1939.575,"Info","Arena",13,"Enter_Zone",3
1939.640,"Info","Arena",13,"Exit_Zone",3
1939.640,"Info","Arena",13,"Enter_Zone",4
1939.706,"Info","Arena",13,"Exit_Zone",4
1939.706,"Info","Arena",13,"Enter_Zone",3
1939.742,"Info","Arena",13,"Exit_Zone",3
1939.742,"Info","Arena",13,"Enter_Zone",4
1939.773,"Info","Arena",13,"Exit_Zone",4
1939.773,"Info","Arena",13,"Enter_Zone",3
1939.840,"Info","Arena",13,"Exit_Zone",3
1939.840,"Info","Arena",13,"Enter_Zone",4
1939.908,"Info","Arena",13,"Exit_Zone",4
1939.908,"Info","Arena",13,"Enter_Zone",3
1939.940,"Info","Arena",13,"Exit_Zone",3
1939.940,"Info","Arena",13,"Enter_Zone",4
1939.973,"Info","Arena",13,"Exit_Zone",4
1939.973,"Info","Arena",13,"Enter_Zone",3
1940.006,"Info","Arena",13,"Exit_Zone",3
1940.006,"Info","Arena",13,"Enter_Zone",4
1940.206,"Info","Arena",13,"Exit_Zone",4
1940.206,"Info","Arena",13,"Enter_Zone",3
1940.242,"Info","Arena",13,"Exit_Zone",3
1940.242,"Info","Arena",13,"Enter_Zone",4
1940.273,"Info","Arena",13,"Exit_Zone",4
1940.273,"Info","Arena",13,"Enter_Zone",3
1940.306,"Info","Arena",13,"Exit_Zone",3
1940.306,"Info","Arena",13,"Enter_Zone",4
1940.340,"Info","Arena",13,"Exit_Zone",4
1940.340,"Info","Arena",13,"Enter_Zone",3
1940.408,"Info","Arena",13,"Exit_Zone",3
1940.408,"Info","Arena",13,"Enter_Zone",4
1940.540,"Info","Arena",13,"Exit_Zone",4
1940.540,"Info","Arena",13,"Enter_Zone",3
1940.575,"Info","Arena",13,"Exit_Zone",3
1940.575,"Info","Arena",13,"Enter_Zone",4
1940.606,"Info","Arena",13,"Exit_Zone",4
1940.606,"Info","Arena",13,"Enter_Zone",3
1940.640,"Info","Arena",13,"Exit_Zone",3
1940.640,"Info","Arena",13,"Enter_Zone",4
1940.673,"Info","Arena",13,"Exit_Zone",4
1940.673,"Info","Arena",13,"Enter_Zone",3
1940.873,"Info","Arena",13,"Exit_Zone",3
1940.873,"Info","Arena",13,"Enter_Zone",4
1941.273,"Info","Arena",13,"Exit_Zone",4
1941.273,"Info","Arena",13,"Enter_Zone",3
1941.306,"Info","Arena",13,"Exit_Zone",3
1941.306,"Info","Arena",13,"Enter_Zone",4
1941.339,"Info","Arena",13,"Exit_Zone",4
1941.339,"Info","Arena",13,"Enter_Zone",3
1941.373,"Info","Arena",13,"Exit_Zone",3
1941.373,"Info","Arena",13,"Enter_Zone",4
1941.673,"Info","Arena",13,"Exit_Zone",4
1941.673,"Info","Arena",13,"Enter_Zone",3
1941.741,"Info","Arena",13,"Exit_Zone",3
1941.741,"Info","Arena",13,"Enter_Zone",4
1942.006,"Info","Arena",13,"Exit_Zone",4
1942.006,"Info","Arena",13,"Enter_Zone",3
1942.039,"Info","Arena",13,"Exit_Zone",3
1942.039,"Info","Arena",13,"Enter_Zone",4
1942.273,"Info","Arena",13,"Exit_Zone",4
1942.273,"Info","Arena",13,"Enter_Zone",3
1942.306,"Info","Arena",13,"Exit_Zone",3
1942.306,"Info","Arena",13,"Enter_Zone",4
1942.339,"Info","Arena",13,"Exit_Zone",4
1942.339,"Info","Arena",13,"Enter_Zone",3
1942.373,"Info","Arena",13,"Exit_Zone",3
1942.373,"Info","Arena",13,"Enter_Zone",4
1942.806,"Info","Arena",13,"Exit_Zone",4
1942.806,"Info","Arena",13,"Enter_Zone",3
1942.839,"Info","Arena",13,"Exit_Zone",3
1942.839,"Info","Arena",13,"Enter_Zone",4
1942.908,"Info","Arena",13,"Exit_Zone",4
1942.908,"Info","Arena",13,"Enter_Zone",3
1942.939,"Info","Arena",13,"Exit_Zone",3
1942.939,"Info","Arena",13,"Enter_Zone",4
1943.006,"Info","Arena",13,"Exit_Zone",4
1943.006,"Info","Arena",13,"Enter_Zone",3
1943.039,"Info","Arena",13,"Exit_Zone",3
1943.039,"Info","Arena",13,"Enter_Zone",4
1943.074,"Info","Arena",13,"Exit_Zone",4
1943.074,"Info","Arena",13,"Enter_Zone",3
1943.106,"Info","Arena",13,"Exit_Zone",3
1943.106,"Info","Arena",13,"Enter_Zone",4
1943.474,"Info","Arena",13,"Exit_Zone",4
1943.474,"Info","Arena",13,"Enter_Zone",3
1943.507,"Info","Arena",13,"Exit_Zone",3
1943.507,"Info","Arena",13,"Enter_Zone",4
1943.672,"Info","Arena",13,"Exit_Zone",4
1943.672,"Info","Arena",13,"Enter_Zone",3
1943.706,"Info","Arena",13,"Exit_Zone",3
1943.706,"Info","Arena",13,"Enter_Zone",4
1943.872,"Info","Arena",13,"Exit_Zone",4
1943.872,"Info","Arena",13,"Enter_Zone",3
1943.908,"Info","Arena",13,"Exit_Zone",3
1943.908,"Info","Arena",13,"Enter_Zone",4
1945.672,"Info","Arena",13,"Exit_Zone",4
1945.672,"Info","Arena",13,"Enter_Zone",3
1945.705,"Info","Arena",13,"Exit_Zone",3
1945.705,"Info","Arena",13,"Enter_Zone",4
1947.138,"Info","Arena",8,"Exit_Zone",1
1947.138,"Info","Arena",8,"Enter_Zone",4
1952.371,"Info","Arena",8,"Exit_Zone",4
1952.371,"Info","Arena",8,"Enter_Zone",3
1952.437,"Info","Arena",8,"Exit_Zone",3
1952.437,"Info","Arena",8,"Enter_Zone",4
1952.604,"Info","Arena",8,"Exit_Zone",4
1952.604,"Info","Arena",8,"Enter_Zone",3
1952.637,"Info","Arena",8,"Exit_Zone",3
1952.637,"Info","Arena",8,"Enter_Zone",4
1952.739,"Info","Arena",8,"Exit_Zone",4
1952.739,"Info","Arena",8,"Enter_Zone",3
1952.771,"Info","Arena",8,"Exit_Zone",3
1952.771,"Info","Arena",8,"Enter_Zone",4
1953.804,"Info","Arena",8,"Exit_Zone",4
1953.804,"Info","Arena",8,"Enter_Zone",3
1953.906,"Info","Arena",8,"Exit_Zone",3
1953.906,"Info","Arena",8,"Enter_Zone",4
1953.970,"Info","Arena",8,"Exit_Zone",4
1953.970,"Info","Arena",8,"Enter_Zone",3
1962.502,"Info","Arena",8,"Exit_Zone",3
1962.502,"Info","Arena",8,"Enter_Zone",4
1962.535,"Info","Arena",8,"Exit_Zone",4
1962.535,"Info","Arena",8,"Enter_Zone",3
1971.467,"Info","Arena",13,"Exit_Zone",4
1971.467,"Info","Arena",13,"Enter_Zone",3
1971.501,"Info","Arena",13,"Exit_Zone",3
1971.501,"Info","Arena",13,"Enter_Zone",4
1971.634,"Info","Arena",13,"Exit_Zone",4
1971.634,"Info","Arena",13,"Enter_Zone",3
1971.667,"Info","Arena",13,"Exit_Zone",3
1971.667,"Info","Arena",13,"Enter_Zone",4
1971.767,"Info","Arena",13,"Exit_Zone",4
1971.767,"Info","Arena",13,"Enter_Zone",3
1971.800,"Info","Arena",13,"Exit_Zone",3
1971.800,"Info","Arena",13,"Enter_Zone",4
1997.262,"Info","Arena",13,"Exit_Zone",4
1997.262,"Info","Arena",13,"Enter_Zone",3
1997.296,"Info","Arena",13,"Exit_Zone",3
1997.296,"Info","Arena",13,"Enter_Zone",4
1997.596,"Info","Arena",13,"Exit_Zone",4
1997.596,"Info","Arena",13,"Enter_Zone",3
1997.629,"Info","Arena",13,"Exit_Zone",3
1997.629,"Info","Arena",13,"Enter_Zone",4
1997.662,"Info","Arena",13,"Exit_Zone",4
1997.662,"Info","Arena",13,"Enter_Zone",3
1997.696,"Info","Arena",13,"Exit_Zone",3
1997.696,"Info","Arena",13,"Enter_Zone",4
1997.796,"Info","Arena",13,"Exit_Zone",4
1997.796,"Info","Arena",13,"Enter_Zone",3
1997.829,"Info","Arena",13,"Exit_Zone",3
1997.829,"Info","Arena",13,"Enter_Zone",4
1997.862,"Info","Arena",13,"Exit_Zone",4
1997.862,"Info","Arena",13,"Enter_Zone",3
1997.898,"Info","Arena",13,"Exit_Zone",3
1997.898,"Info","Arena",13,"Enter_Zone",4
1997.996,"Info","Arena",13,"Exit_Zone",4
1997.996,"Info","Arena",13,"Enter_Zone",3
1998.038,"Info","Arena",13,"Exit_Zone",3
1998.038,"Info","Arena",13,"Enter_Zone",4
1998.095,"Info","Arena",13,"Exit_Zone",4
1998.095,"Info","Arena",13,"Enter_Zone",3
1998.262,"Info","Arena",13,"Exit_Zone",3
1998.262,"Info","Arena",13,"Enter_Zone",4
1998.464,"Info","Arena",13,"Exit_Zone",4
1998.464,"Info","Arena",13,"Enter_Zone",3
1998.529,"Info","Arena",13,"Exit_Zone",3
1998.529,"Info","Arena",13,"Enter_Zone",4
1998.630,"Info","Arena",13,"Exit_Zone",4
1998.630,"Info","Arena",13,"Enter_Zone",3
1998.795,"Info","Arena",13,"Exit_Zone",3
1998.795,"Info","Arena",13,"Enter_Zone",4
1998.929,"Info","Arena",13,"Exit_Zone",4
1998.929,"Info","Arena",13,"Enter_Zone",3
1998.962,"Info","Arena",13,"Exit_Zone",3
1998.962,"Info","Arena",13,"Enter_Zone",4
1998.995,"Info","Arena",13,"Exit_Zone",4
1998.995,"Info","Arena",13,"Enter_Zone",3
1999.038,"Info","Arena",13,"Exit_Zone",3
1999.038,"Info","Arena",13,"Enter_Zone",4
1999.064,"Info","Arena",13,"Exit_Zone",4
1999.064,"Info","Arena",13,"Enter_Zone",3
1999.095,"Info","Arena",13,"Exit_Zone",3
1999.095,"Info","Arena",13,"Enter_Zone",4
1999.231,"Info","Arena",13,"Exit_Zone",4
1999.231,"Info","Arena",13,"Enter_Zone",3
1999.262,"Info","Arena",13,"Exit_Zone",3
1999.262,"Info","Arena",13,"Enter_Zone",4
1999.429,"Info","Arena",13,"Exit_Zone",4
1999.429,"Info","Arena",13,"Enter_Zone",3
1999.462,"Info","Arena",13,"Exit_Zone",3
1999.462,"Info","Arena",13,"Enter_Zone",4
1999.564,"Info","Arena",13,"Exit_Zone",4
1999.564,"Info","Arena",13,"Enter_Zone",3
1999.595,"Info","Arena",13,"Exit_Zone",3
1999.595,"Info","Arena",13,"Enter_Zone",4
1999.862,"Info","Arena",13,"Exit_Zone",4
1999.862,"Info","Arena",13,"Enter_Zone",3
1999.897,"Info","Arena",13,"Exit_Zone",3
1999.897,"Info","Arena",13,"Enter_Zone",4
1999.962,"Info","Arena",13,"Exit_Zone",4
1999.962,"Info","Arena",13,"Enter_Zone",3
1999.995,"Info","Arena",13,"Exit_Zone",3
1999.995,"Info","Arena",13,"Enter_Zone",4
2000.064,"Info","Arena",13,"Exit_Zone",4
2000.064,"Info","Arena",13,"Enter_Zone",3
2000.095,"Info","Arena",13,"Exit_Zone",3
2000.095,"Info","Arena",13,"Enter_Zone",4
2000.128,"Info","Arena",13,"Exit_Zone",4
2000.128,"Info","Arena",13,"Enter_Zone",3
2000.162,"Info","Arena",13,"Exit_Zone",3
2000.162,"Info","Arena",13,"Enter_Zone",4
2000.695,"Info","Arena",13,"Exit_Zone",4
2000.695,"Info","Arena",13,"Enter_Zone",3
2000.730,"Info","Arena",13,"Exit_Zone",3
2000.730,"Info","Arena",13,"Enter_Zone",4
2000.762,"Info","Arena",13,"Exit_Zone",4
2000.762,"Info","Arena",13,"Enter_Zone",3
2000.795,"Info","Arena",13,"Exit_Zone",3
2000.795,"Info","Arena",13,"Enter_Zone",4
2000.828,"Info","Arena",13,"Exit_Zone",4
2000.828,"Info","Arena",13,"Enter_Zone",3
2000.862,"Info","Arena",13,"Exit_Zone",3
2000.862,"Info","Arena",13,"Enter_Zone",4
2000.996,"Info","Arena",13,"Exit_Zone",4
2000.996,"Info","Arena",13,"Enter_Zone",3
2001.038,"Info","Arena",13,"Exit_Zone",3
2001.038,"Info","Arena",13,"Enter_Zone",4
2001.362,"Info","Arena",13,"Exit_Zone",4
2001.362,"Info","Arena",13,"Enter_Zone",3
2001.398,"Info","Arena",13,"Exit_Zone",3
2001.398,"Info","Arena",13,"Enter_Zone",4
2001.563,"Info","Arena",13,"Exit_Zone",4
2001.563,"Info","Arena",13,"Enter_Zone",3
2001.595,"Info","Arena",13,"Exit_Zone",3
2001.595,"Info","Arena",13,"Enter_Zone",4
2002.861,"Info","Arena",13,"Exit_Zone",4
2002.861,"Info","Arena",13,"Enter_Zone",3
2002.897,"Info","Arena",13,"Exit_Zone",3
2002.897,"Info","Arena",13,"Enter_Zone",4
2004.994,"Info","Arena",13,"Exit_Zone",4
2004.994,"Info","Arena",13,"Enter_Zone",3
2005.028,"Info","Arena",13,"Exit_Zone",3
2005.028,"Info","Arena",13,"Enter_Zone",4
2006.038,"Info","Arena",13,"Exit_Zone",4
2006.038,"Info","Arena",13,"Enter_Zone",3
2006.063,"Info","Arena",13,"Exit_Zone",3
2006.063,"Info","Arena",13,"Enter_Zone",4
2009.693,"Info","Arena",13,"Exit_Zone",4
2009.693,"Info","Arena",13,"Enter_Zone",3
2009.729,"Info","Arena",13,"Exit_Zone",3
2009.729,"Info","Arena",13,"Enter_Zone",4
2049.619,"Info","Arena",4,"Exit_Zone",4
2049.619,"Info","Arena",4,"Enter_Zone",1
2052.019,"Info","Arena",4,"Exit_Zone",1
2052.019,"Info","Arena",4,"Enter_Zone",4
2052.054,"Info","Arena",4,"Exit_Zone",4
2052.054,"Info","Arena",4,"Enter_Zone",1
2052.119,"Info","Arena",4,"Exit_Zone",1
2052.119,"Info","Arena",4,"Enter_Zone",4
2052.352,"Info","Arena",4,"Exit_Zone",4
2052.352,"Info","Arena",4,"Enter_Zone",1
2052.419,"Info","Arena",4,"Exit_Zone",1
2052.419,"Info","Arena",4,"Enter_Zone",4
2052.452,"Info","Arena",4,"Exit_Zone",4
2052.452,"Info","Arena",4,"Enter_Zone",1
2052.554,"Info","Arena",4,"Exit_Zone",1
2052.554,"Info","Arena",4,"Enter_Zone",4
2052.685,"Info","Arena",4,"Exit_Zone",4
2052.685,"Info","Arena",4,"Enter_Zone",1
2052.785,"Info","Arena",4,"Exit_Zone",1
2052.785,"Info","Arena",4,"Enter_Zone",4
2052.819,"Info","Arena",4,"Exit_Zone",4
2052.819,"Info","Arena",4,"Enter_Zone",1
2053.085,"Info","Arena",4,"Exit_Zone",1
2053.085,"Info","Arena",4,"Enter_Zone",4
2053.185,"Info","Arena",4,"Exit_Zone",4
2053.185,"Info","Arena",4,"Enter_Zone",1
2053.220,"Info","Arena",4,"Exit_Zone",1
2053.220,"Info","Arena",4,"Enter_Zone",4
2084.381,"Info","Arena",4,"Exit_Zone",4
2084.381,"Info","Arena",4,"Enter_Zone",1
2128.304,"Info","Arena",8,"Exit_Zone",3
2128.304,"Info","Arena",8,"Enter_Zone",4
2128.338,"Info","Arena",8,"Exit_Zone",4
2128.338,"Info","Arena",8,"Enter_Zone",3
2131.770,"Info","Arena",4,"Exit_Zone",1
2131.770,"Info","Arena",4,"Enter_Zone",4
2131.872,"Info","Arena",4,"Exit_Zone",4
2131.872,"Info","Arena",4,"Enter_Zone",1
2131.904,"Info","Arena",4,"Exit_Zone",1
2131.904,"Info","Arena",4,"Enter_Zone",4
2131.937,"Info","Arena",4,"Exit_Zone",4
2131.937,"Info","Arena",4,"Enter_Zone",1
2132.004,"Info","Arena",4,"Exit_Zone",1
2132.004,"Info","Arena",4,"Enter_Zone",4
2132.039,"Info","Arena",4,"Exit_Zone",4
2132.039,"Info","Arena",4,"Enter_Zone",1
2132.170,"Info","Arena",4,"Exit_Zone",1
2132.170,"Info","Arena",4,"Enter_Zone",4
2132.206,"Info","Arena",4,"Exit_Zone",4
2132.206,"Info","Arena",4,"Enter_Zone",1
2132.237,"Info","Arena",4,"Exit_Zone",1
2132.237,"Info","Arena",4,"Enter_Zone",4
2132.270,"Info","Arena",4,"Exit_Zone",4
2132.270,"Info","Arena",4,"Enter_Zone",1
2132.304,"Info","Arena",4,"Exit_Zone",1
2132.304,"Info","Arena",4,"Enter_Zone",4
2132.372,"Info","Arena",4,"Exit_Zone",4
2132.372,"Info","Arena",4,"Enter_Zone",1
2135.636,"Info","Arena",4,"Exit_Zone",1
2135.636,"Info","Arena",4,"Enter_Zone",4
2135.670,"Info","Arena",4,"Exit_Zone",4
2135.670,"Info","Arena",4,"Enter_Zone",1
2138.169,"Info","Arena",8,"Exit_Zone",3
2138.169,"Info","Arena",8,"Enter_Zone",4
2138.204,"Info","Arena",8,"Exit_Zone",4
2138.204,"Info","Arena",8,"Enter_Zone",3
2138.636,"Info","Arena",8,"Exit_Zone",3
2138.636,"Info","Arena",8,"Enter_Zone",4
2138.669,"Info","Arena",8,"Exit_Zone",4
2138.669,"Info","Arena",8,"Enter_Zone",3
2138.769,"Info","Arena",8,"Exit_Zone",3
2138.769,"Info","Arena",8,"Enter_Zone",4
2138.836,"Info","Arena",8,"Exit_Zone",4
2138.836,"Info","Arena",8,"Enter_Zone",3
2139.002,"Info","Arena",8,"Exit_Zone",3
2139.002,"Info","Arena",8,"Enter_Zone",4
2139.038,"Info","Arena",8,"Exit_Zone",4
2139.038,"Info","Arena",8,"Enter_Zone",3
2139.069,"Info","Arena",8,"Exit_Zone",3
2139.069,"Info","Arena",8,"Enter_Zone",4
2139.102,"Info","Arena",8,"Exit_Zone",4
2139.102,"Info","Arena",8,"Enter_Zone",3
2139.204,"Info","Arena",8,"Exit_Zone",3
2139.204,"Info","Arena",8,"Enter_Zone",4
2139.236,"Info","Arena",8,"Exit_Zone",4
2139.236,"Info","Arena",8,"Enter_Zone",3
2139.302,"Info","Arena",8,"Exit_Zone",3
2139.302,"Info","Arena",8,"Enter_Zone",4
2139.336,"Info","Arena",8,"Exit_Zone",4
2139.336,"Info","Arena",8,"Enter_Zone",3
2139.436,"Info","Arena",8,"Exit_Zone",3
2139.436,"Info","Arena",8,"Enter_Zone",4
2139.502,"Info","Arena",8,"Exit_Zone",4
2139.502,"Info","Arena",8,"Enter_Zone",3
2139.537,"Info","Arena",8,"Exit_Zone",3
2139.537,"Info","Arena",8,"Enter_Zone",4
2139.602,"Info","Arena",8,"Exit_Zone",4
2139.602,"Info","Arena",8,"Enter_Zone",3
2139.669,"Info","Arena",8,"Exit_Zone",3
2139.669,"Info","Arena",8,"Enter_Zone",4
2139.704,"Info","Arena",8,"Exit_Zone",4
2139.704,"Info","Arena",8,"Enter_Zone",3
2139.736,"Info","Arena",4,"Exit_Zone",1
2139.736,"Info","Arena",4,"Enter_Zone",4
2139.736,"Info","Arena",8,"Exit_Zone",3
2139.736,"Info","Arena",8,"Enter_Zone",4
2139.769,"Info","Arena",4,"Exit_Zone",4
2139.769,"Info","Arena",4,"Enter_Zone",1
2139.802,"Info","Arena",8,"Exit_Zone",4
2139.802,"Info","Arena",8,"Enter_Zone",3
2139.871,"Info","Arena",8,"Exit_Zone",3
2139.871,"Info","Arena",8,"Enter_Zone",4
2139.902,"Info","Arena",8,"Exit_Zone",4
2139.902,"Info","Arena",8,"Enter_Zone",3
2140.038,"Info","Arena",8,"Exit_Zone",3
2140.038,"Info","Arena",8,"Enter_Zone",4
2140.069,"Info","Arena",4,"Exit_Zone",1
2140.069,"Info","Arena",4,"Enter_Zone",4
2140.069,"Info","Arena",8,"Exit_Zone",4
2140.069,"Info","Arena",8,"Enter_Zone",3
2140.102,"Info","Arena",4,"Exit_Zone",4
2140.102,"Info","Arena",4,"Enter_Zone",1
2140.269,"Info","Arena",8,"Exit_Zone",3
2140.269,"Info","Arena",8,"Enter_Zone",4
2140.302,"Info","Arena",8,"Exit_Zone",4
2140.302,"Info","Arena",8,"Enter_Zone",3
2140.335,"Info","Arena",8,"Exit_Zone",3
2140.335,"Info","Arena",8,"Enter_Zone",4
2140.371,"Info","Arena",8,"Exit_Zone",4
2140.371,"Info","Arena",8,"Enter_Zone",3
2140.469,"Info","Arena",8,"Exit_Zone",3
2140.469,"Info","Arena",8,"Enter_Zone",4
2140.502,"Info","Arena",8,"Exit_Zone",4
2140.502,"Info","Arena",8,"Enter_Zone",3
2140.537,"Info","Arena",8,"Exit_Zone",3
2140.537,"Info","Arena",8,"Enter_Zone",4
2140.635,"Info","Arena",8,"Exit_Zone",4
2140.635,"Info","Arena",8,"Enter_Zone",3
2140.735,"Info","Arena",8,"Exit_Zone",3
2140.735,"Info","Arena",8,"Enter_Zone",4
2140.802,"Info","Arena",8,"Exit_Zone",4
2140.802,"Info","Arena",8,"Enter_Zone",3
2140.902,"Info","Arena",8,"Exit_Zone",3
2140.902,"Info","Arena",8,"Enter_Zone",4
2140.935,"Info","Arena",8,"Exit_Zone",4
2140.935,"Info","Arena",8,"Enter_Zone",3
2141.002,"Info","Arena",8,"Exit_Zone",3
2141.002,"Info","Arena",8,"Enter_Zone",4
2141.038,"Info","Arena",8,"Exit_Zone",4
2141.038,"Info","Arena",8,"Enter_Zone",3
2141.069,"Info","Arena",8,"Exit_Zone",3
2141.069,"Info","Arena",8,"Enter_Zone",4
2141.268,"Info","Arena",8,"Exit_Zone",4
2141.268,"Info","Arena",8,"Enter_Zone",3
2141.302,"Info","Arena",8,"Exit_Zone",3
2141.302,"Info","Arena",8,"Enter_Zone",4
2141.469,"Info","Arena",8,"Exit_Zone",4
2141.469,"Info","Arena",8,"Enter_Zone",3
2141.502,"Info","Arena",8,"Exit_Zone",3
2141.502,"Info","Arena",8,"Enter_Zone",4
2141.537,"Info","Arena",8,"Exit_Zone",4
2141.537,"Info","Arena",8,"Enter_Zone",3
2141.602,"Info","Arena",8,"Exit_Zone",3
2141.602,"Info","Arena",8,"Enter_Zone",4
2141.635,"Info","Arena",8,"Exit_Zone",4
2141.635,"Info","Arena",8,"Enter_Zone",3
2141.735,"Info","Arena",8,"Exit_Zone",3
2141.735,"Info","Arena",8,"Enter_Zone",4
2142.002,"Info","Arena",8,"Exit_Zone",4
2142.002,"Info","Arena",8,"Enter_Zone",3
2142.038,"Info","Arena",8,"Exit_Zone",3
2142.038,"Info","Arena",8,"Enter_Zone",4
2142.102,"Info","Arena",8,"Exit_Zone",4
2142.102,"Info","Arena",8,"Enter_Zone",3
2142.204,"Info","Arena",8,"Exit_Zone",3
2142.204,"Info","Arena",8,"Enter_Zone",4
2142.268,"Info","Arena",8,"Exit_Zone",4
2142.268,"Info","Arena",8,"Enter_Zone",3
2142.302,"Info","Arena",8,"Exit_Zone",3
2142.302,"Info","Arena",8,"Enter_Zone",4
2142.568,"Info","Arena",8,"Exit_Zone",4
2142.568,"Info","Arena",8,"Enter_Zone",3
2142.602,"Info","Arena",8,"Exit_Zone",3
2142.602,"Info","Arena",8,"Enter_Zone",4
2142.704,"Info","Arena",8,"Exit_Zone",4
2142.704,"Info","Arena",8,"Enter_Zone",3
2142.802,"Info","Arena",8,"Exit_Zone",3
2142.802,"Info","Arena",8,"Enter_Zone",4
2142.902,"Info","Arena",8,"Exit_Zone",4
2142.902,"Info","Arena",8,"Enter_Zone",3
2142.968,"Info","Arena",8,"Exit_Zone",3
2142.968,"Info","Arena",8,"Enter_Zone",4
2143.002,"Info","Arena",8,"Exit_Zone",4
2143.002,"Info","Arena",8,"Enter_Zone",3
2143.068,"Info","Arena",8,"Exit_Zone",3
2143.068,"Info","Arena",8,"Enter_Zone",4
2143.102,"Info","Arena",8,"Exit_Zone",4
2143.102,"Info","Arena",8,"Enter_Zone",3
2143.168,"Info","Arena",8,"Exit_Zone",3
2143.168,"Info","Arena",8,"Enter_Zone",4
2143.335,"Info","Arena",8,"Exit_Zone",4
2143.335,"Info","Arena",8,"Enter_Zone",3
2143.436,"Info","Arena",8,"Exit_Zone",3
2143.436,"Info","Arena",8,"Enter_Zone",4
2143.470,"Info","Arena",8,"Exit_Zone",4
2143.470,"Info","Arena",8,"Enter_Zone",3
2143.501,"Info","Arena",8,"Exit_Zone",3
2143.501,"Info","Arena",8,"Enter_Zone",4
2143.668,"Info","Arena",8,"Exit_Zone",4
2143.668,"Info","Arena",8,"Enter_Zone",3
2143.735,"Info","Arena",8,"Exit_Zone",3
2143.735,"Info","Arena",8,"Enter_Zone",4
2143.968,"Info","Arena",8,"Exit_Zone",4
2143.968,"Info","Arena",8,"Enter_Zone",3
2144.001,"Info","Arena",8,"Exit_Zone",3
2144.001,"Info","Arena",8,"Enter_Zone",4
2144.401,"Info","Arena",4,"Exit_Zone",1
2144.401,"Info","Arena",4,"Enter_Zone",4
2144.468,"Info","Arena",4,"Exit_Zone",4
2144.468,"Info","Arena",4,"Enter_Zone",1
2144.568,"Info","Arena",4,"Exit_Zone",1
2144.568,"Info","Arena",4,"Enter_Zone",4
2144.601,"Info","Arena",4,"Exit_Zone",4
2144.601,"Info","Arena",4,"Enter_Zone",1
2144.635,"Info","Arena",8,"Exit_Zone",4
2144.635,"Info","Arena",8,"Enter_Zone",3
2144.668,"Info","Arena",4,"Exit_Zone",1
2144.668,"Info","Arena",4,"Enter_Zone",4
2144.668,"Info","Arena",8,"Exit_Zone",3
2144.668,"Info","Arena",8,"Enter_Zone",4
2144.703,"Info","Arena",4,"Exit_Zone",4
2144.703,"Info","Arena",4,"Enter_Zone",1
2144.935,"Info","Arena",4,"Exit_Zone",1
2144.935,"Info","Arena",4,"Enter_Zone",4
2144.968,"Info","Arena",4,"Exit_Zone",4
2144.968,"Info","Arena",4,"Enter_Zone",1
2145.068,"Info","Arena",8,"Exit_Zone",4
2145.068,"Info","Arena",8,"Enter_Zone",3
2145.101,"Info","Arena",8,"Exit_Zone",3
2145.101,"Info","Arena",8,"Enter_Zone",4
2145.268,"Info","Arena",4,"Exit_Zone",1
2145.268,"Info","Arena",4,"Enter_Zone",4
2145.370,"Info","Arena",8,"Exit_Zone",4
2145.370,"Info","Arena",8,"Enter_Zone",3
2145.401,"Info","Arena",8,"Exit_Zone",3
2145.401,"Info","Arena",8,"Enter_Zone",4
2145.468,"Info","Arena",4,"Exit_Zone",4
2145.468,"Info","Arena",4,"Enter_Zone",1
2145.501,"Info","Arena",4,"Exit_Zone",1
2145.501,"Info","Arena",4,"Enter_Zone",4
2145.501,"Info","Arena",8,"Exit_Zone",4
2145.501,"Info","Arena",8,"Enter_Zone",3
2145.536,"Info","Arena",8,"Exit_Zone",3
2145.536,"Info","Arena",8,"Enter_Zone",4
2145.968,"Info","Arena",8,"Exit_Zone",4
2145.968,"Info","Arena",8,"Enter_Zone",3
2146.001,"Info","Arena",8,"Exit_Zone",3
2146.001,"Info","Arena",8,"Enter_Zone",4
2146.401,"Info","Arena",8,"Exit_Zone",4
2146.401,"Info","Arena",8,"Enter_Zone",3
2146.434,"Info","Arena",8,"Exit_Zone",3
2146.434,"Info","Arena",8,"Enter_Zone",4
2146.568,"Info","Arena",8,"Exit_Zone",4
2146.568,"Info","Arena",8,"Enter_Zone",3
2146.634,"Info","Arena",8,"Exit_Zone",3
2146.634,"Info","Arena",8,"Enter_Zone",4
2146.801,"Info","Arena",8,"Exit_Zone",4
2146.801,"Info","Arena",8,"Enter_Zone",3
2146.834,"Info","Arena",8,"Exit_Zone",3
2146.834,"Info","Arena",8,"Enter_Zone",4
2146.967,"Info","Arena",8,"Exit_Zone",4
2146.967,"Info","Arena",8,"Enter_Zone",3
2147.001,"Info","Arena",8,"Exit_Zone",3
2147.001,"Info","Arena",8,"Enter_Zone",4
2147.039,"Info","Arena",8,"Exit_Zone",4
2147.039,"Info","Arena",8,"Enter_Zone",3
2147.068,"Info","Arena",8,"Exit_Zone",3
2147.068,"Info","Arena",8,"Enter_Zone",4
2147.501,"Info","Arena",8,"Exit_Zone",4
2147.501,"Info","Arena",8,"Enter_Zone",3
2147.567,"Info","Arena",8,"Exit_Zone",3
2147.567,"Info","Arena",8,"Enter_Zone",4
2147.601,"Info","Arena",8,"Exit_Zone",4
2147.601,"Info","Arena",8,"Enter_Zone",3
2147.634,"Info","Arena",8,"Exit_Zone",3
2147.634,"Info","Arena",8,"Enter_Zone",4
2147.667,"Info","Arena",8,"Exit_Zone",4
2147.667,"Info","Arena",8,"Enter_Zone",3
2147.734,"Info","Arena",8,"Exit_Zone",3
2147.734,"Info","Arena",8,"Enter_Zone",4
2147.801,"Info","Arena",8,"Exit_Zone",4
2147.801,"Info","Arena",8,"Enter_Zone",3
2147.835,"Info","Arena",8,"Exit_Zone",3
2147.835,"Info","Arena",8,"Enter_Zone",4
2148.234,"Info","Arena",8,"Exit_Zone",4
2148.234,"Info","Arena",8,"Enter_Zone",3
2148.301,"Info","Arena",8,"Exit_Zone",3
2148.301,"Info","Arena",8,"Enter_Zone",4
2148.435,"Info","Arena",4,"Exit_Zone",4
2148.435,"Info","Arena",4,"Enter_Zone",1
2148.435,"Info","Arena",8,"Exit_Zone",4
2148.435,"Info","Arena",8,"Enter_Zone",3
2148.469,"Info","Arena",4,"Exit_Zone",1
2148.469,"Info","Arena",4,"Enter_Zone",4
2148.469,"Info","Arena",8,"Exit_Zone",3
2148.469,"Info","Arena",8,"Enter_Zone",4
2148.536,"Info","Arena",4,"Exit_Zone",4
2148.536,"Info","Arena",4,"Enter_Zone",1
2148.536,"Info","Arena",8,"Exit_Zone",4
2148.536,"Info","Arena",8,"Enter_Zone",3
2148.567,"Info","Arena",4,"Exit_Zone",1
2148.567,"Info","Arena",4,"Enter_Zone",4
2148.600,"Info","Arena",4,"Exit_Zone",4
2148.600,"Info","Arena",4,"Enter_Zone",1
2148.600,"Info","Arena",8,"Exit_Zone",3
2148.600,"Info","Arena",8,"Enter_Zone",4
2148.702,"Info","Arena",4,"Exit_Zone",1
2148.702,"Info","Arena",4,"Enter_Zone",4
2148.734,"Info","Arena",4,"Exit_Zone",4
2148.734,"Info","Arena",4,"Enter_Zone",1
2148.767,"Info","Arena",4,"Exit_Zone",1
2148.767,"Info","Arena",4,"Enter_Zone",4
2148.767,"Info","Arena",8,"Exit_Zone",4
2148.767,"Info","Arena",8,"Enter_Zone",3
2148.801,"Info","Arena",4,"Exit_Zone",4
2148.801,"Info","Arena",4,"Enter_Zone",1
2148.801,"Info","Arena",8,"Exit_Zone",3
2148.801,"Info","Arena",8,"Enter_Zone",4
2149.038,"Info","Arena",4,"Exit_Zone",1
2149.038,"Info","Arena",4,"Enter_Zone",4
2149.067,"Info","Arena",4,"Exit_Zone",4
2149.067,"Info","Arena",4,"Enter_Zone",1
2149.100,"Info","Arena",8,"Exit_Zone",4
2149.100,"Info","Arena",8,"Enter_Zone",3
2149.202,"Info","Arena",4,"Exit_Zone",1
2149.202,"Info","Arena",4,"Enter_Zone",4
2149.202,"Info","Arena",8,"Exit_Zone",3
2149.202,"Info","Arena",8,"Enter_Zone",4
2149.234,"Info","Arena",4,"Exit_Zone",4
2149.234,"Info","Arena",4,"Enter_Zone",1
2149.234,"Info","Arena",8,"Exit_Zone",4
2149.234,"Info","Arena",8,"Enter_Zone",3
2149.267,"Info","Arena",8,"Exit_Zone",3
2149.267,"Info","Arena",8,"Enter_Zone",4
2149.300,"Info","Arena",8,"Exit_Zone",4
2149.300,"Info","Arena",8,"Enter_Zone",3
2149.334,"Info","Arena",8,"Exit_Zone",3
2149.334,"Info","Arena",8,"Enter_Zone",4
2149.467,"Info","Arena",8,"Exit_Zone",4
2149.467,"Info","Arena",8,"Enter_Zone",3
2149.500,"Info","Arena",8,"Exit_Zone",3
2149.500,"Info","Arena",8,"Enter_Zone",4
2149.567,"Info","Arena",8,"Exit_Zone",4
2149.567,"Info","Arena",8,"Enter_Zone",3
2149.634,"Info","Arena",8,"Exit_Zone",3
2149.634,"Info","Arena",8,"Enter_Zone",4
2149.834,"Info","Arena",8,"Exit_Zone",4
2149.834,"Info","Arena",8,"Enter_Zone",3
2149.869,"Info","Arena",8,"Exit_Zone",3
2149.869,"Info","Arena",8,"Enter_Zone",4
2150.000,"Info","Arena",8,"Exit_Zone",4
2150.000,"Info","Arena",8,"Enter_Zone",3
2150.038,"Info","Arena",8,"Exit_Zone",3
2150.038,"Info","Arena",8,"Enter_Zone",4
2150.633,"Info","Arena",4,"Exit_Zone",1
2150.633,"Info","Arena",4,"Enter_Zone",4
2150.667,"Info","Arena",4,"Exit_Zone",4
2150.667,"Info","Arena",4,"Enter_Zone",1
2150.667,"Info","Arena",8,"Exit_Zone",4
2150.667,"Info","Arena",8,"Enter_Zone",3
2150.702,"Info","Arena",8,"Exit_Zone",3
2150.702,"Info","Arena",8,"Enter_Zone",4
2150.800,"Info","Arena",8,"Exit_Zone",4
2150.800,"Info","Arena",8,"Enter_Zone",3
2150.833,"Info","Arena",8,"Exit_Zone",3
2150.833,"Info","Arena",8,"Enter_Zone",4
2151.000,"Info","Arena",8,"Exit_Zone",4
2151.000,"Info","Arena",8,"Enter_Zone",3
2151.038,"Info","Arena",8,"Exit_Zone",3
2151.038,"Info","Arena",8,"Enter_Zone",4
2151.067,"Info","Arena",8,"Exit_Zone",4
2151.067,"Info","Arena",8,"Enter_Zone",3
2151.133,"Info","Arena",8,"Exit_Zone",3
2151.133,"Info","Arena",8,"Enter_Zone",4
2152.333,"Info","Arena",8,"Exit_Zone",4
2152.333,"Info","Arena",8,"Enter_Zone",3
2152.368,"Info","Arena",8,"Exit_Zone",3
2152.368,"Info","Arena",8,"Enter_Zone",4
2153.300,"Info","Arena",8,"Exit_Zone",4
2153.300,"Info","Arena",8,"Enter_Zone",3
2153.333,"Info","Arena",8,"Exit_Zone",3
2153.333,"Info","Arena",8,"Enter_Zone",4
2153.702,"Info","Arena",8,"Exit_Zone",4
2153.702,"Info","Arena",8,"Enter_Zone",3
2153.733,"Info","Arena",8,"Exit_Zone",3
2153.733,"Info","Arena",8,"Enter_Zone",4
2153.933,"Info","Arena",8,"Exit_Zone",4
2153.933,"Info","Arena",8,"Enter_Zone",3
2154.000,"Info","Arena",8,"Exit_Zone",3
2154.000,"Info","Arena",8,"Enter_Zone",4
2154.899,"Info","Arena",8,"Exit_Zone",4
2154.899,"Info","Arena",8,"Enter_Zone",3
2154.933,"Info","Arena",8,"Exit_Zone",3
2154.933,"Info","Arena",8,"Enter_Zone",4
2155.133,"Info","Arena",8,"Exit_Zone",4
2155.133,"Info","Arena",8,"Enter_Zone",3
2155.166,"Info","Arena",8,"Exit_Zone",3
2155.166,"Info","Arena",8,"Enter_Zone",4
2155.266,"Info","Arena",8,"Exit_Zone",4
2155.266,"Info","Arena",8,"Enter_Zone",3
2155.299,"Info","Arena",8,"Exit_Zone",3
2155.299,"Info","Arena",8,"Enter_Zone",4
2155.399,"Info","Arena",8,"Exit_Zone",4
2155.399,"Info","Arena",8,"Enter_Zone",3
2155.433,"Info","Arena",8,"Exit_Zone",3
2155.433,"Info","Arena",8,"Enter_Zone",4
2155.566,"Info","Arena",8,"Exit_Zone",4
2155.566,"Info","Arena",8,"Enter_Zone",3
2155.632,"Info","Arena",8,"Exit_Zone",3
2155.632,"Info","Arena",8,"Enter_Zone",4
2155.666,"Info","Arena",8,"Exit_Zone",4
2155.666,"Info","Arena",8,"Enter_Zone",3
2155.701,"Info","Arena",8,"Exit_Zone",3
2155.701,"Info","Arena",8,"Enter_Zone",4
2156.038,"Info","Arena",8,"Exit_Zone",4
2156.038,"Info","Arena",8,"Enter_Zone",3
2156.099,"Info","Arena",8,"Exit_Zone",3
2156.099,"Info","Arena",8,"Enter_Zone",4
2156.132,"Info","Arena",8,"Exit_Zone",4
2156.132,"Info","Arena",8,"Enter_Zone",3
2156.166,"Info","Arena",8,"Exit_Zone",3
2156.166,"Info","Arena",8,"Enter_Zone",4
2156.266,"Info","Arena",4,"Exit_Zone",1
2156.266,"Info","Arena",4,"Enter_Zone",4
2156.299,"Info","Arena",4,"Exit_Zone",4
2156.299,"Info","Arena",4,"Enter_Zone",1
2156.399,"Info","Arena",8,"Exit_Zone",4
2156.399,"Info","Arena",8,"Enter_Zone",3
2156.432,"Info","Arena",8,"Exit_Zone",3
2156.432,"Info","Arena",8,"Enter_Zone",4
2158.701,"Info","Arena",4,"Exit_Zone",1
2158.701,"Info","Arena",4,"Enter_Zone",4
2158.999,"Info","Arena",4,"Exit_Zone",4
2158.999,"Info","Arena",4,"Enter_Zone",1
2159.039,"Info","Arena",4,"Exit_Zone",1
2159.039,"Info","Arena",4,"Enter_Zone",4
2159.632,"Info","Arena",4,"Exit_Zone",4
2159.632,"Info","Arena",4,"Enter_Zone",1
2159.665,"Info","Arena",4,"Exit_Zone",1
2159.665,"Info","Arena",4,"Enter_Zone",4
2159.932,"Info","Arena",4,"Exit_Zone",4
2159.932,"Info","Arena",4,"Enter_Zone",1
2159.965,"Info","Arena",4,"Exit_Zone",1
2159.965,"Info","Arena",4,"Enter_Zone",4
2159.998,"Info","Arena",4,"Exit_Zone",4
2159.998,"Info","Arena",4,"Enter_Zone",1
2160.098,"Info","Arena",4,"Exit_Zone",1
2160.098,"Info","Arena",4,"Enter_Zone",4
2160.132,"Info","Arena",4,"Exit_Zone",4
2160.132,"Info","Arena",4,"Enter_Zone",1
2160.265,"Info","Arena",4,"Exit_Zone",1
2160.265,"Info","Arena",4,"Enter_Zone",4
2160.367,"Info","Arena",4,"Exit_Zone",4
2160.367,"Info","Arena",4,"Enter_Zone",1
2160.498,"Info","Arena",4,"Exit_Zone",1
2160.498,"Info","Arena",4,"Enter_Zone",4
2160.534,"Info","Arena",4,"Exit_Zone",4
2160.534,"Info","Arena",4,"Enter_Zone",1
2160.732,"Info","Arena",4,"Exit_Zone",1
2160.732,"Info","Arena",4,"Enter_Zone",4
2160.798,"Info","Arena",4,"Exit_Zone",4
2160.798,"Info","Arena",4,"Enter_Zone",1
2160.932,"Info","Arena",4,"Exit_Zone",1
2160.932,"Info","Arena",4,"Enter_Zone",4
2160.998,"Info","Arena",4,"Exit_Zone",4
2160.998,"Info","Arena",4,"Enter_Zone",1
2161.038,"Info","Arena",4,"Exit_Zone",1
2161.038,"Info","Arena",4,"Enter_Zone",4
2161.098,"Info","Arena",4,"Exit_Zone",4
2161.098,"Info","Arena",4,"Enter_Zone",1
2161.398,"Info","Arena",4,"Exit_Zone",1
2161.398,"Info","Arena",4,"Enter_Zone",4
2161.431,"Info","Arena",4,"Exit_Zone",4
2161.431,"Info","Arena",4,"Enter_Zone",1
2161.465,"Info","Arena",4,"Exit_Zone",1
2161.465,"Info","Arena",4,"Enter_Zone",4
2161.498,"Info","Arena",4,"Exit_Zone",4
2161.498,"Info","Arena",4,"Enter_Zone",1
2161.631,"Info","Arena",4,"Exit_Zone",1
2161.631,"Info","Arena",4,"Enter_Zone",4
2161.700,"Info","Arena",4,"Exit_Zone",4
2161.700,"Info","Arena",4,"Enter_Zone",1
2162.131,"Info","Arena",4,"Exit_Zone",1
2162.131,"Info","Arena",4,"Enter_Zone",4
2162.200,"Info","Arena",4,"Exit_Zone",4
2162.200,"Info","Arena",4,"Enter_Zone",1
2162.331,"Info","Arena",4,"Exit_Zone",1
2162.331,"Info","Arena",4,"Enter_Zone",4
2162.366,"Info","Arena",4,"Exit_Zone",4
2162.366,"Info","Arena",4,"Enter_Zone",1
2162.398,"Info","Arena",4,"Exit_Zone",1
2162.398,"Info","Arena",4,"Enter_Zone",4
2162.431,"Info","Arena",4,"Exit_Zone",4
2162.431,"Info","Arena",4,"Enter_Zone",1
2162.465,"Info","Arena",4,"Exit_Zone",1
2162.465,"Info","Arena",4,"Enter_Zone",4
2162.565,"Info","Arena",4,"Exit_Zone",4
2162.565,"Info","Arena",4,"Enter_Zone",1
2162.764,"Info","Arena",4,"Exit_Zone",1
2162.764,"Info","Arena",4,"Enter_Zone",4
2162.932,"Info","Arena",4,"Exit_Zone",4
2162.932,"Info","Arena",4,"Enter_Zone",1
2162.998,"Info","Arena",4,"Exit_Zone",1
2162.998,"Info","Arena",4,"Enter_Zone",4
2163.164,"Info","Arena",4,"Exit_Zone",4
2163.164,"Info","Arena",4,"Enter_Zone",1
2163.200,"Info","Arena",4,"Exit_Zone",1
2163.200,"Info","Arena",4,"Enter_Zone",4
2163.264,"Info","Arena",4,"Exit_Zone",4
2163.264,"Info","Arena",4,"Enter_Zone",1
2163.298,"Info","Arena",4,"Exit_Zone",1
2163.298,"Info","Arena",4,"Enter_Zone",4
2163.331,"Info","Arena",4,"Exit_Zone",4
2163.331,"Info","Arena",4,"Enter_Zone",1
2163.399,"Info","Arena",4,"Exit_Zone",1
2163.399,"Info","Arena",4,"Enter_Zone",4
2163.598,"Info","Arena",4,"Exit_Zone",4
2163.598,"Info","Arena",4,"Enter_Zone",1
2163.631,"Info","Arena",4,"Exit_Zone",1
2163.631,"Info","Arena",4,"Enter_Zone",4
2163.764,"Info","Arena",4,"Exit_Zone",4
2163.764,"Info","Arena",4,"Enter_Zone",1
2163.798,"Info","Arena",4,"Exit_Zone",1
2163.798,"Info","Arena",4,"Enter_Zone",4
2163.831,"Info","Arena",4,"Exit_Zone",4
2163.831,"Info","Arena",4,"Enter_Zone",1
2163.866,"Info","Arena",4,"Exit_Zone",1
2163.866,"Info","Arena",4,"Enter_Zone",4
2165.064,"Info","Arena",4,"Exit_Zone",4
2165.064,"Info","Arena",4,"Enter_Zone",1
2165.097,"Info","Arena",4,"Exit_Zone",1
2165.097,"Info","Arena",4,"Enter_Zone",4
2165.131,"Info","Arena",4,"Exit_Zone",4
2165.131,"Info","Arena",4,"Enter_Zone",1
2165.199,"Info","Arena",4,"Exit_Zone",1
2165.199,"Info","Arena",4,"Enter_Zone",4
2165.231,"Info","Arena",4,"Exit_Zone",4
2165.231,"Info","Arena",4,"Enter_Zone",1
2165.297,"Info","Arena",4,"Exit_Zone",1
2165.297,"Info","Arena",4,"Enter_Zone",4
2165.331,"Info","Arena",4,"Exit_Zone",4
2165.331,"Info","Arena",4,"Enter_Zone",1
2165.431,"Info","Arena",4,"Exit_Zone",1
2165.431,"Info","Arena",4,"Enter_Zone",4
2165.497,"Info","Arena",4,"Exit_Zone",4
2165.497,"Info","Arena",4,"Enter_Zone",1
2165.533,"Info","Arena",4,"Exit_Zone",1
2165.533,"Info","Arena",4,"Enter_Zone",4
2165.564,"Info","Arena",4,"Exit_Zone",4
2165.564,"Info","Arena",4,"Enter_Zone",1
2165.597,"Info","Arena",4,"Exit_Zone",1
2165.597,"Info","Arena",4,"Enter_Zone",4
2165.964,"Info","Arena",4,"Exit_Zone",4
2165.964,"Info","Arena",4,"Enter_Zone",1
2165.997,"Info","Arena",4,"Exit_Zone",1
2165.997,"Info","Arena",4,"Enter_Zone",4
2166.064,"Info","Arena",4,"Exit_Zone",4
2166.064,"Info","Arena",4,"Enter_Zone",1
2166.097,"Info","Arena",4,"Exit_Zone",1
2166.097,"Info","Arena",4,"Enter_Zone",4
2166.199,"Info","Arena",4,"Exit_Zone",4
2166.199,"Info","Arena",4,"Enter_Zone",1
2166.397,"Info","Arena",4,"Exit_Zone",1
2166.397,"Info","Arena",4,"Enter_Zone",4
2166.430,"Info","Arena",4,"Exit_Zone",4
2166.430,"Info","Arena",4,"Enter_Zone",1
2166.532,"Info","Arena",4,"Exit_Zone",1
2166.532,"Info","Arena",4,"Enter_Zone",4
2166.564,"Info","Arena",4,"Exit_Zone",4
2166.564,"Info","Arena",4,"Enter_Zone",1
2166.699,"Info","Arena",4,"Exit_Zone",1
2166.699,"Info","Arena",4,"Enter_Zone",4
2166.730,"Info","Arena",4,"Exit_Zone",4
2166.730,"Info","Arena",4,"Enter_Zone",1
2166.764,"Info","Arena",4,"Exit_Zone",1
2166.764,"Info","Arena",4,"Enter_Zone",4
2166.797,"Info","Arena",4,"Exit_Zone",4
2166.797,"Info","Arena",4,"Enter_Zone",1
2167.430,"Info","Arena",4,"Exit_Zone",1
2167.430,"Info","Arena",4,"Enter_Zone",4
2167.564,"Info","Arena",4,"Exit_Zone",4
2167.564,"Info","Arena",4,"Enter_Zone",1
2167.597,"Info","Arena",4,"Exit_Zone",1
2167.597,"Info","Arena",4,"Enter_Zone",4
2167.699,"Info","Arena",4,"Exit_Zone",4
2167.699,"Info","Arena",4,"Enter_Zone",1
2167.730,"Info","Arena",4,"Exit_Zone",1
2167.730,"Info","Arena",4,"Enter_Zone",4
2167.897,"Info","Arena",4,"Exit_Zone",4
2167.897,"Info","Arena",4,"Enter_Zone",1
2167.964,"Info","Arena",4,"Exit_Zone",1
2167.964,"Info","Arena",4,"Enter_Zone",4
2169.130,"Info","Arena",4,"Exit_Zone",4
2169.130,"Info","Arena",4,"Enter_Zone",1
2169.163,"Info","Arena",4,"Exit_Zone",1
2169.163,"Info","Arena",4,"Enter_Zone",4
2169.263,"Info","Arena",4,"Exit_Zone",4
2169.263,"Info","Arena",4,"Enter_Zone",1
2169.497,"Info","Arena",4,"Exit_Zone",1
2169.497,"Info","Arena",4,"Enter_Zone",4
2169.563,"Info","Arena",4,"Exit_Zone",4
2169.563,"Info","Arena",4,"Enter_Zone",1
2169.663,"Info","Arena",4,"Exit_Zone",1
2169.663,"Info","Arena",4,"Enter_Zone",4
2169.698,"Info","Arena",4,"Exit_Zone",4
2169.698,"Info","Arena",4,"Enter_Zone",1
2169.963,"Info","Arena",4,"Exit_Zone",1
2169.963,"Info","Arena",4,"Enter_Zone",4
2169.996,"Info","Arena",4,"Exit_Zone",4
2169.996,"Info","Arena",4,"Enter_Zone",1
2170.096,"Info","Arena",4,"Exit_Zone",1
2170.096,"Info","Arena",4,"Enter_Zone",4
2170.130,"Info","Arena",4,"Exit_Zone",4
2170.130,"Info","Arena",4,"Enter_Zone",1
2170.198,"Info","Arena",4,"Exit_Zone",1
2170.198,"Info","Arena",4,"Enter_Zone",4
2170.263,"Info","Arena",4,"Exit_Zone",4
2170.263,"Info","Arena",4,"Enter_Zone",1
2170.330,"Info","Arena",4,"Exit_Zone",1
2170.330,"Info","Arena",4,"Enter_Zone",4
2170.365,"Info","Arena",4,"Exit_Zone",4
2170.365,"Info","Arena",4,"Enter_Zone",1
2170.830,"Info","Arena",4,"Exit_Zone",1
2170.830,"Info","Arena",4,"Enter_Zone",4
2170.865,"Info","Arena",4,"Exit_Zone",4
2170.865,"Info","Arena",4,"Enter_Zone",1
2170.930,"Info","Arena",4,"Exit_Zone",1
2170.930,"Info","Arena",4,"Enter_Zone",4
2170.963,"Info","Arena",4,"Exit_Zone",4
2170.963,"Info","Arena",4,"Enter_Zone",1
2171.463,"Info","Arena",4,"Exit_Zone",1
2171.463,"Info","Arena",4,"Enter_Zone",4
2171.496,"Info","Arena",4,"Exit_Zone",4
2171.496,"Info","Arena",4,"Enter_Zone",1
2171.896,"Info","Arena",4,"Exit_Zone",1
2171.896,"Info","Arena",4,"Enter_Zone",4
2171.963,"Info","Arena",4,"Exit_Zone",4
2171.963,"Info","Arena",4,"Enter_Zone",1
2172.329,"Info","Arena",4,"Exit_Zone",1
2172.329,"Info","Arena",4,"Enter_Zone",4
2172.365,"Info","Arena",4,"Exit_Zone",4
2172.365,"Info","Arena",4,"Enter_Zone",1
2172.429,"Info","Arena",4,"Exit_Zone",1
2172.429,"Info","Arena",4,"Enter_Zone",4
2172.531,"Info","Arena",4,"Exit_Zone",4
2172.531,"Info","Arena",4,"Enter_Zone",1
2172.629,"Info","Arena",4,"Exit_Zone",1
2172.629,"Info","Arena",4,"Enter_Zone",4
2172.663,"Info","Arena",4,"Exit_Zone",4
2172.663,"Info","Arena",4,"Enter_Zone",1
2172.698,"Info","Arena",4,"Exit_Zone",1
2172.698,"Info","Arena",4,"Enter_Zone",4
2172.763,"Info","Arena",4,"Exit_Zone",4
2172.763,"Info","Arena",4,"Enter_Zone",1
2172.796,"Info","Arena",4,"Exit_Zone",1
2172.796,"Info","Arena",4,"Enter_Zone",4
2172.865,"Info","Arena",4,"Exit_Zone",4
2172.865,"Info","Arena",4,"Enter_Zone",1
2172.896,"Info","Arena",4,"Exit_Zone",1
2172.896,"Info","Arena",4,"Enter_Zone",4
2172.996,"Info","Arena",4,"Exit_Zone",4
2172.996,"Info","Arena",4,"Enter_Zone",1
2173.038,"Info","Arena",4,"Exit_Zone",1
2173.038,"Info","Arena",4,"Enter_Zone",4
2173.096,"Info","Arena",4,"Exit_Zone",4
2173.096,"Info","Arena",4,"Enter_Zone",1
2173.397,"Info","Arena",4,"Exit_Zone",1
2173.397,"Info","Arena",4,"Enter_Zone",4
2173.431,"Info","Arena",4,"Exit_Zone",4
2173.431,"Info","Arena",4,"Enter_Zone",1
2173.596,"Info","Arena",4,"Exit_Zone",1
2173.596,"Info","Arena",4,"Enter_Zone",4
2173.629,"Info","Arena",4,"Exit_Zone",4
2173.629,"Info","Arena",4,"Enter_Zone",1
2173.929,"Info","Arena",4,"Exit_Zone",1
2173.929,"Info","Arena",4,"Enter_Zone",4
2177.662,"Info","Arena",4,"Exit_Zone",4
2177.662,"Info","Arena",4,"Enter_Zone",1
2177.895,"Info","Arena",4,"Exit_Zone",1
2177.895,"Info","Arena",4,"Enter_Zone",4
2177.928,"Info","Arena",4,"Exit_Zone",4
2177.928,"Info","Arena",4,"Enter_Zone",1
2177.995,"Info","Arena",4,"Exit_Zone",1
2177.995,"Info","Arena",4,"Enter_Zone",4
2178.038,"Info","Arena",4,"Exit_Zone",4
2178.038,"Info","Arena",4,"Enter_Zone",1
2178.095,"Info","Arena",4,"Exit_Zone",1
2178.095,"Info","Arena",4,"Enter_Zone",4
2178.961,"Info","Arena",4,"Exit_Zone",4
2178.961,"Info","Arena",4,"Enter_Zone",1
2178.995,"Info","Arena",4,"Exit_Zone",1
2178.995,"Info","Arena",4,"Enter_Zone",4
2179.328,"Info","Arena",4,"Exit_Zone",4
2179.328,"Info","Arena",4,"Enter_Zone",1
2179.395,"Info","Arena",4,"Exit_Zone",1
2179.395,"Info","Arena",4,"Enter_Zone",4
2179.628,"Info","Arena",4,"Exit_Zone",4
2179.628,"Info","Arena",4,"Enter_Zone",1
2179.661,"Info","Arena",4,"Exit_Zone",1
2179.661,"Info","Arena",4,"Enter_Zone",4
2179.761,"Info","Arena",4,"Exit_Zone",4
2179.761,"Info","Arena",4,"Enter_Zone",1
2179.795,"Info","Arena",4,"Exit_Zone",1
2179.795,"Info","Arena",4,"Enter_Zone",4
2179.828,"Info","Arena",4,"Exit_Zone",4
2179.828,"Info","Arena",4,"Enter_Zone",1
2179.863,"Info","Arena",4,"Exit_Zone",1
2179.863,"Info","Arena",4,"Enter_Zone",4
2179.961,"Info","Arena",4,"Exit_Zone",4
2179.961,"Info","Arena",4,"Enter_Zone",1
2179.995,"Info","Arena",4,"Exit_Zone",1
2179.995,"Info","Arena",4,"Enter_Zone",4
2180.095,"Info","Arena",4,"Exit_Zone",4
2180.095,"Info","Arena",4,"Enter_Zone",1
2180.161,"Info","Arena",4,"Exit_Zone",1
2180.161,"Info","Arena",4,"Enter_Zone",4
2180.561,"Info","Arena",4,"Exit_Zone",4
2180.561,"Info","Arena",4,"Enter_Zone",1
2180.594,"Info","Arena",4,"Exit_Zone",1
2180.594,"Info","Arena",4,"Enter_Zone",4
2180.628,"Info","Arena",4,"Exit_Zone",4
2180.628,"Info","Arena",4,"Enter_Zone",1
2180.661,"Info","Arena",4,"Exit_Zone",1
2180.661,"Info","Arena",4,"Enter_Zone",4
2181.994,"Info","Arena",4,"Exit_Zone",4
2181.994,"Info","Arena",4,"Enter_Zone",1
2182.038,"Info","Arena",4,"Exit_Zone",1
2182.038,"Info","Arena",4,"Enter_Zone",4
2225.688,"Info","Arena",4,"Exit_Zone",4
2225.688,"Info","Arena",4,"Enter_Zone",1
2225.719,"Info","Arena",4,"Exit_Zone",1
2225.719,"Info","Arena",4,"Enter_Zone",4
2225.855,"Info","Arena",4,"Exit_Zone",4
2225.855,"Info","Arena",4,"Enter_Zone",1
2225.886,"Info","Arena",4,"Exit_Zone",1
2225.886,"Info","Arena",4,"Enter_Zone",4
2226.453,"Info","Arena",4,"Exit_Zone",4
2226.453,"Info","Arena",4,"Enter_Zone",1
2226.819,"Info","Arena",4,"Exit_Zone",1
2226.819,"Info","Arena",4,"Enter_Zone",4
2226.854,"Info","Arena",4,"Exit_Zone",4
2226.854,"Info","Arena",4,"Enter_Zone",1
2226.952,"Info","Arena",4,"Exit_Zone",1
2226.952,"Info","Arena",4,"Enter_Zone",4
2226.986,"Info","Arena",4,"Exit_Zone",4
2226.986,"Info","Arena",4,"Enter_Zone",1
2248.850,"Info","Arena",4,"Exit_Zone",1
2248.850,"Info","Arena",4,"Enter_Zone",4
2249.548,"Info","Arena",4,"Exit_Zone",4
2249.548,"Info","Arena",4,"Enter_Zone",1
2250.148,"Info","Arena",4,"Exit_Zone",1
2250.148,"Info","Arena",4,"Enter_Zone",4
2257.780,"Info","Arena",4,"Exit_Zone",4
2257.780,"Info","Arena",4,"Enter_Zone",2
2270.977,"Info","Arena",11,"Exit_Zone",2
2270.977,"Info","Arena",11,"Enter_Zone",4
2292.773,"Info","Arena",4,"Exit_Zone",2
2292.773,"Info","Arena",4,"Enter_Zone",4
2292.807,"Info","Arena",4,"Exit_Zone",4
2292.807,"Info","Arena",4,"Enter_Zone",2
2292.842,"Info","Arena",4,"Exit_Zone",2
2292.842,"Info","Arena",4,"Enter_Zone",4
2337.765,"Info","Arena",10,"Exit_Zone",2
2337.765,"Info","Arena",10,"Enter_Zone",4
2337.834,"Info","Arena",10,"Exit_Zone",4
2337.834,"Info","Arena",10,"Enter_Zone",2
""
"","","","","A1_ZONE1","A1_ZONE2","A1_ZONE3","A2_ZONE1","A2_ZONE2","A2_ZONE3","A3_ZONE1","A3_ZONE2","A3_ZONE3","A4_ZONE1","A4_ZONE2","A4_ZONE3","A5_ZONE1","A5_ZONE2","A5_ZONE3","A6_ZONE1","A6_ZONE2","A6_ZONE3","A7_ZONE1","A7_ZONE2","A7_ZONE3","A8_ZONE1","A8_ZONE2","A8_ZONE3","A9_ZONE1","A9_ZONE2","A9_ZONE3","A10_ZONE1","A10_ZONE2","A10_ZONE3","A11_ZONE1","A11_ZONE2","A11_ZONE3","A12_ZONE1","A12_ZONE2","A12_ZONE3","A13_ZONE1","A13_ZONE2","A13_ZONE3","A14_ZONE1","A14_ZONE2","A14_ZONE3","A15_ZONE1","A15_ZONE2","A15_ZONE3"
2402.362,"","","TOTAL_ZONE_DISTANCES",0.0,0.0,10.6,0.0,0.0,0.0,0.0,0.0,0.0,66.5,46.4,32.9,0.0,0.0,0.0,0.0,0.0,0.0,0.0,0.0,0.0,21.8,17.4,14.5,7.5,0.0,1.5,6.3,17.4,0.0,14.0,18.6,15.7,7.3,13.3,6.3,0.0,0.0,4.6,0.0,0.0,0.0,0.0,0.0,0.0
2402.363,"","","TOTAL_ZONE_COUNTS",0,0,1,1,0,0,1,0,0,125,153,3,0,0,0,0,0,0,0,0,0,2,1,86,1,0,17,1,2,0,1,2,1,11,1,1,0,0,155,0,0,0,0,0,0
2402.364,"","","TOTAL_ZONE_TIMERS",0.000,0.000,480.071,1800.989,0.000,0.000,1800.889,0.000,0.000,281.993,404.322,46.661,0.000,0.000,0.000,0.000,0.000,0.000,0.000,0.000,0.000,1209.070,100.281,210.466,1407.995,0.000,252.784,1212.205,584.048,0.000,601.986,382.625,670.840,1427.195,22.928,252.985,0.000,0.000,1136.832,0.000,0.000,0.000,0.000,0.000,0.000
2402.365,"Info","2022-05-31 04:25:23","Service 'E_ymaze_droso' : Execution end (frame times: avg 32ms, max 46ms)"
