0.000,"Info","2022-05-31 00:34:34","Service 'E_allen_habituation_30' : Execution start"
0.000,"Info","Subject Identification","W002"
0.000,"Info","Apparatus","Zantiks Unit"
0.000,"Info","Unit ID","62B8E1"
"RUNTIME","UNIT","TIMESLOT","PLATE_ID","TEMPERATURE","TIME_BIN","BLOCK","TRIAL","TYPE","PRE_POST_COUNTER","STARTLE_NUMBER","A1","A2","A3","A4","A5","A6","A7","A8","B1","B2","B3","B4","B5","B6","B7","B8","C1","C2","C3","C4","C5","C6","C7","C8","D1","D2","D3","D4","D5","D6","D7","D8","E1","E2","E3","E4","E5","E6","E7","E8","F1","F2","F3","F4","F5","F6","F7","F8","A1MSD","A2MSD","A3MSD","A4MSD","A5MSD","A6MSD","A7MSD","A8MSD","B1MSD","B2MSD","B3MSD","B4MSD","B5MSD","B6MSD","B7MSD","B8MSD","C1MSD","C2MSD","C3MSD","C4MSD","C5MSD","C6MSD","C7MSD","C8MSD","D1MSD","D2MSD","D3MSD","D4MSD","D5MSD","D6MSD","D7MSD","D8MSD","E1MSD","E2MSD","E3MSD","E4MSD","E5MSD","E6MSD","E7MSD","E8MSD","F1MSD","F2MSD","F3MSD","F4MSD","F5MSD","F6MSD","F7MSD","F8MSD"
301.493,"Zantiks Unit",1,"W002",30.42,1,0,1,"ACCLIMATION","0","0",8.0,3.2,11.0,0.0,6.5,6.1,8.2,19.5,15.3,15.9,4.9,1.4,13.4,4.9,0.0,0.0,0.0,0.0,0.0,0.0,0.0,15.0,18.9,15.4,0.0,0.0,0.0,8.1,12.5,7.2,11.7,0.0,0.0,0.0,0.0,0.0,11.8,1.7,16.8,15.5,4.0,15.8,0.0,0.0,0.0,0.0,0.0,0.0,0.241,0.393,0.444,0.188,0.035,0.257,0.209,0.190,0.319,0.247,0.120,0.130,0.183,0.178,0.068,0.238,0.113,0.292,0.050,0.311,0.188,0.181,0.415,0.110,0.030,0.109,0.018,0.179,0.354,0.173,0.197,0.158,0.266,0.409,0.000,0.197,0.310,0.057,0.394,0.200,0.312,0.296,0.000,0.000,0.000,0.000,0.000,0.000
302.497,"Zantiks Unit",1,"W002",30.42,2,0,2,"ACCLIMATION","0","0",14.1,6.4,8.2,3.0,7.9,6.5,6.5,10.6,19.8,8.1,0.0,0.0,10.1,1.5,0.0,3.1,0.0,0.0,0.0,12.1,0.0,15.5,12.9,12.2,0.0,6.4,0.0,8.7,12.1,7.1,1.4,0.0,0.0,0.0,0.0,6.5,14.2,14.2,19.7,15.9,16.4,11.5,0.0,0.0,0.0,0.0,0.0,0.0,0.040,0.040,0.089,0.000,0.006,0.054,0.060,0.064,0.129,0.028,0.000,0.000,0.105,0.000,0.000,0.000,0.000,0.000,0.000,0.033,0.000,0.155,0.088,0.005,0.000,0.001,0.000,0.022,0.060,0.025,0.001,0.000,0.000,0.000,0.000,0.054,0.125,0.092,0.189,0.047,0.380,0.026,0.000,0.000,0.000,0.000,0.000,0.000
303.519,"Zantiks Unit",1,"W002",30.33,3,0,3,"ACCLIMATION","0","0",14.9,7.9,12.5,0.0,3.1,3.2,3.2,1.4,19.3,6.4,0.0,0.0,5.6,6.8,0.0,3.2,0.0,0.0,0.0,1.5,0.0,11.2,11.1,15.7,0.0,0.0,0.0,20.7,12.6,19.9,0.0,0.0,0.0,0.0,0.0,8.0,17.2,16.1,21.0,17.4,14.5,14.8,0.0,0.0,0.0,0.0,0.0,0.0,0.055,0.157,0.212,0.000,0.000,0.034,0.026,0.000,0.090,0.010,0.000,0.000,0.034,0.018,0.000,0.003,0.000,0.000,0.000,0.004,0.000,0.043,0.090,0.033,0.000,0.000,0.000,0.197,0.093,0.144,0.000,0.000,0.000,0.000,0.000,0.094,0.222,0.072,0.110,0.092,0.209,0.090,0.000,0.000,0.000,0.000,0.000,0.000
304.550,"Zantiks Unit",1,"W002",30.33,4,1,1,"PRE",1,"0",6.8,5.1,3.2,0.0,0.0,4.4,0.0,0.0,15.6,13.3,0.0,0.0,11.9,8.0,0.0,1.6,0.0,0.0,0.0,6.1,0.0,8.0,12.5,16.3,0.0,0.0,0.0,21.3,15.2,4.6,6.5,0.0,1.7,0.0,0.0,7.9,15.4,0.0,9.3,17.3,15.0,10.1,0.0,0.0,0.0,0.0,0.0,0.0,0.004,0.058,0.008,0.000,0.002,0.026,0.000,0.000,0.117,0.077,0.000,0.000,0.086,0.017,0.000,0.000,0.000,0.000,0.000,0.072,0.000,0.031,0.029,0.011,0.000,0.000,0.000,0.187,0.120,0.007,0.060,0.000,0.000,0.000,0.000,0.047,0.212,0.003,0.138,0.136,0.204,0.032,0.000,0.000,0.000,0.000,0.000,0.000
305.554,"Zantiks Unit",1,"W002",30.33,5,1,2,"PRE",2,"0",9.1,1.5,0.0,0.0,3.1,6.4,0.0,1.7,20.0,13.6,0.0,0.0,6.8,8.0,0.0,3.0,0.0,0.0,0.0,4.7,0.0,6.4,13.8,1.6,0.0,1.4,0.0,14.5,11.8,6.5,19.8,0.0,0.0,0.0,0.0,1.5,12.8,0.0,0.0,20.9,15.1,9.4,0.0,0.0,0.0,0.0,0.0,0.0,0.030,0.022,0.000,0.000,0.014,0.066,0.000,0.003,0.169,0.049,0.000,0.000,0.031,0.010,0.000,0.005,0.000,0.000,0.000,0.074,0.000,0.031,0.108,0.000,0.000,0.000,0.000,0.126,0.094,0.024,0.166,0.000,0.000,0.000,0.000,0.013,0.165,0.000,0.000,0.103,0.203,0.002,0.000,0.000,0.000,0.000,0.000,0.000
306.558,"Zantiks Unit",1,"W002",30.24,6,1,3,"PRE",3,"0",11.1,8.2,0.0,0.0,8.6,6.3,0.0,0.0,6.6,15.7,0.0,0.0,12.0,1.6,0.0,0.0,2.9,0.0,0.0,0.0,0.0,8.7,15.3,0.0,0.0,0.0,3.5,12.4,12.0,10.8,9.8,0.0,4.8,0.0,0.0,7.8,8.0,0.0,10.4,10.4,12.1,1.5,0.0,0.0,0.0,0.0,0.0,0.0,0.026,0.092,0.000,0.000,0.065,0.027,0.000,0.000,0.022,0.139,0.000,0.000,0.049,0.005,0.000,0.000,0.000,0.000,0.000,0.000,0.000,0.019,0.124,0.000,0.000,0.000,0.000,0.103,0.080,0.069,0.065,0.000,0.000,0.000,0.000,0.107,0.112,0.000,0.024,0.062,0.231,0.002,0.000,0.000,0.000,0.000,0.000,0.000
307.562,"Zantiks Unit",1,"W002",30.24,7,1,4,"PRE",4,"0",6.5,14.8,0.0,0.0,9.4,7.5,0.0,0.0,1.6,8.0,2.9,0.0,11.6,0.0,0.0,0.0,0.0,0.0,0.0,10.6,0.0,4.6,17.6,0.0,0.0,3.0,3.4,12.6,12.7,9.9,11.7,0.0,6.2,0.0,0.0,10.2,15.1,0.0,20.6,10.1,8.6,0.0,0.0,0.0,0.0,0.0,0.0,0.0,0.003,0.277,0.000,0.005,0.166,0.113,0.000,0.000,0.001,0.014,0.000,0.000,0.060,0.000,0.000,0.000,0.000,0.000,0.000,0.051,0.000,0.003,0.264,0.000,0.000,0.000,0.000,0.106,0.093,0.022,0.042,0.000,0.001,0.000,0.000,0.098,0.136,0.000,0.262,0.007,0.115,0.004,0.000,0.000,0.000,0.000,0.000,0.000
308.585,"Zantiks Unit",1,"W002",30.24,8,1,5,"PRE",5,"0",6.6,10.7,4.7,0.0,6.6,9.4,8.2,13.3,0.0,14.1,0.0,0.0,1.8,1.7,0.0,0.0,0.0,0.0,0.0,15.3,0.0,4.6,13.6,0.0,0.0,1.7,0.0,20.0,13.0,15.6,1.4,0.0,1.6,7.8,0.0,10.1,11.0,1.5,20.8,7.6,9.6,8.0,0.0,0.0,0.0,0.0,0.0,0.0,0.048,0.096,0.010,0.000,0.053,0.057,0.003,0.055,0.000,0.063,0.000,0.000,0.011,0.009,0.000,0.000,0.000,0.000,0.000,0.199,0.000,0.025,0.085,0.000,0.000,0.000,0.000,0.124,0.080,0.098,0.000,0.000,0.000,0.008,0.000,0.129,0.119,0.000,0.255,0.003,0.068,0.031,0.000,0.000,0.000,0.000,0.000,0.000
309.589,"Zantiks Unit",1,"W002",30.24,9,1,6,"PRE",6,"0",0.0,10.6,9.9,4.6,11.9,3.1,0.0,13.0,0.0,10.1,0.0,0.0,18.2,9.4,0.0,1.5,8.0,0.0,0.0,11.7,0.0,5.3,0.0,0.0,0.0,0.0,0.0,13.2,3.3,7.0,5.3,0.0,0.0,15.0,0.0,7.9,13.4,0.0,21.4,1.6,11.7,1.5,0.0,0.0,0.0,0.0,0.0,0.0,0.000,0.012,0.150,0.001,0.104,0.039,0.000,0.085,0.000,0.032,0.000,0.000,0.099,0.023,0.000,0.000,0.001,0.000,0.000,0.093,0.000,0.018,0.000,0.000,0.000,0.000,0.000,0.107,0.002,0.028,0.044,0.000,0.000,0.078,0.000,0.160,0.160,0.000,0.208,0.000,0.208,0.001,0.000,0.000,0.000,0.000,0.000,0.000
310.593,"Zantiks Unit",1,"W002",30.24,10,1,7,"STARTLE","0",1,0.0,5.1,4.6,0.0,11.8,6.1,5.6,14.1,0.0,14.4,3.2,0.0,15.1,12.0,11.5,3.0,10.8,0.0,0.0,10.8,0.0,6.6,0.0,1.7,0.0,1.9,0.0,14.4,0.0,0.0,11.9,0.0,0.0,1.4,0.0,11.2,9.4,1.5,1.7,1.8,7.8,6.1,0.0,0.0,0.0,0.0,0.0,0.0,0.000,0.002,0.061,0.000,0.301,0.045,0.010,0.013,0.000,0.116,0.000,0.000,0.074,0.020,0.003,0.000,0.008,0.000,0.000,0.095,0.000,0.012,0.000,0.007,0.000,0.004,0.000,0.069,0.000,0.000,0.085,0.000,0.000,0.004,0.000,0.170,0.111,0.001,0.018,0.003,0.084,0.000,0.000,0.000,0.000,0.000,0.000,0.000
311.597,"Zantiks Unit",1,"W002",30.24,11,1,8,"BETWEEN","0",1,0.0,10.0,8.3,0.0,5.9,13.5,1.5,16.3,0.0,10.8,3.8,0.0,4.9,10.0,0.0,1.5,1.6,0.0,0.0,9.8,0.0,1.7,6.5,1.6,0.0,6.5,0.0,17.9,8.3,2.9,15.8,0.0,0.0,0.0,0.0,1.5,4.7,0.0,1.5,1.6,9.3,6.3,0.0,0.0,0.0,0.0,0.0,0.0,0.000,0.017,0.067,0.000,0.032,0.277,0.001,0.083,0.000,0.062,0.003,0.000,0.006,0.083,0.000,0.000,0.002,0.000,0.000,0.191,0.000,0.000,0.007,0.001,0.000,0.024,0.000,0.087,0.037,0.000,0.085,0.000,0.000,0.000,0.000,0.014,0.042,0.000,0.000,0.006,0.100,0.016,0.000,0.000,0.000,0.000,0.000,0.000
312.618,"Zantiks Unit",1,"W002",30.24,12,1,9,"STARTLE","0",2,0.0,1.5,8.5,4.7,9.6,9.3,1.6,17.4,12.9,0.0,7.9,0.0,12.9,7.8,1.4,1.7,0.0,0.0,0.0,5.0,0.0,1.5,0.0,0.0,0.0,6.4,0.0,16.7,2.9,7.9,0.0,1.4,0.0,3.0,0.0,13.3,0.0,3.0,0.0,8.0,8.3,6.6,0.0,0.0,0.0,0.0,0.0,0.0,0.000,0.001,0.052,0.003,0.080,0.130,0.000,0.047,0.043,0.000,0.013,0.001,0.056,0.011,0.000,0.000,0.000,0.000,0.000,0.018,0.000,0.000,0.000,0.000,0.000,0.036,0.000,0.096,0.025,0.028,0.000,0.000,0.000,0.011,0.000,0.217,0.000,0.007,0.000,0.048,0.097,0.014,0.000,0.000,0.000,0.000,0.000,0.000
313.623,"Zantiks Unit",1,"W002",30.24,13,1,10,"BETWEEN","0",2,0.0,0.0,8.2,6.2,12.4,1.5,0.0,18.1,15.4,13.7,13.7,4.8,15.3,13.8,0.0,1.4,0.0,0.0,0.0,4.7,0.0,0.0,0.0,0.0,0.0,3.3,0.0,12.9,1.7,18.7,1.4,0.0,0.0,11.6,0.0,14.9,0.0,9.2,0.0,0.0,10.4,12.9,0.0,0.0,0.0,0.0,0.0,0.0,0.000,0.000,0.187,0.001,0.242,0.006,0.000,0.047,0.097,0.072,0.035,0.001,0.065,0.099,0.000,0.000,0.000,0.000,0.000,0.003,0.000,0.000,0.000,0.000,0.000,0.027,0.000,0.069,0.003,0.156,0.004,0.000,0.000,0.070,0.000,0.120,0.000,0.076,0.000,0.000,0.165,0.026,0.000,0.000,0.000,0.000,0.000,0.000
314.627,"Zantiks Unit",1,"W002",30.33,14,1,11,"STARTLE","0",3,0.0,1.9,10.2,1.7,13.8,0.0,3.2,15.3,6.2,12.1,7.7,3.2,16.6,12.6,1.5,4.6,0.0,0.0,0.0,7.0,0.0,0.0,0.0,0.0,0.0,15.3,0.0,12.5,1.5,4.7,3.3,0.0,0.0,6.5,0.0,7.9,0.0,7.9,0.0,0.0,13.0,11.3,0.0,0.0,0.0,0.0,0.0,0.0,0.000,0.002,0.165,0.000,0.223,0.000,0.000,0.099,0.007,0.101,0.020,0.000,0.058,0.127,0.000,0.000,0.000,0.000,0.000,0.061,0.000,0.000,0.000,0.000,0.000,0.121,0.000,0.094,0.000,0.018,0.008,0.000,0.000,0.032,0.000,0.054,0.000,0.021,0.000,0.000,0.141,0.076,0.000,0.000,0.000,0.000,0.000,0.000
315.650,"Zantiks Unit",1,"W002",30.33,15,1,12,"BETWEEN","0",3,0.0,2.9,4.7,1.5,6.2,6.6,5.9,21.0,0.0,16.5,13.3,0.0,1.6,13.6,0.0,1.5,0.0,0.0,0.0,1.6,0.0,10.1,3.0,0.0,0.0,16.8,0.0,20.3,1.7,16.4,3.5,0.0,0.0,11.8,0.0,8.4,0.0,16.4,0.0,0.0,17.0,0.0,0.0,0.0,0.0,0.0,0.0,0.0,0.000,0.001,0.012,0.000,0.015,0.104,0.173,0.165,0.000,0.108,0.082,0.000,0.001,0.077,0.000,0.000,0.000,0.000,0.000,0.039,0.000,0.031,0.000,0.000,0.000,0.071,0.000,0.149,0.000,0.122,0.006,0.000,0.000,0.126,0.000,0.085,0.000,0.139,0.000,0.000,0.317,0.001,0.000,0.000,0.000,0.000,0.000,0.000
316.654,"Zantiks Unit",1,"W002",30.33,16,1,13,"POST",1,"0",0.0,0.0,6.0,1.6,1.5,6.6,15.5,14.2,0.0,14.2,8.4,0.0,7.2,1.7,0.0,0.0,1.5,0.0,0.0,1.5,0.0,11.6,3.1,0.0,0.0,14.8,0.0,19.6,1.5,11.3,15.0,0.0,0.0,6.3,0.0,3.2,0.0,9.5,0.0,1.6,11.6,11.0,0.0,0.0,0.0,0.0,0.0,0.0,0.000,0.000,0.013,0.000,0.009,0.101,0.305,0.103,0.000,0.082,0.021,0.000,0.048,0.003,0.000,0.000,0.001,0.000,0.000,0.000,0.000,0.116,0.007,0.000,0.000,0.107,0.000,0.147,0.000,0.048,0.020,0.000,0.000,0.043,0.000,0.015,0.000,0.029,0.000,0.000,0.125,0.016,0.000,0.000,0.000,0.000,0.000,0.000
317.658,"Zantiks Unit",1,"W002",30.33,17,1,14,"POST",2,"0",0.0,0.0,4.7,1.5,10.6,3.6,8.1,15.1,1.5,20.4,9.3,1.4,4.8,10.1,1.6,1.7,6.5,0.0,0.0,8.3,0.0,11.8,0.0,0.0,0.0,20.7,0.0,18.4,1.7,17.0,19.1,0.0,0.0,0.0,0.0,4.9,1.6,12.3,0.0,0.0,0.0,8.0,0.0,0.0,0.0,0.0,0.0,0.0,0.000,0.000,0.079,0.000,0.095,0.023,0.005,0.137,0.000,0.165,0.011,0.000,0.011,0.127,0.000,0.000,0.002,0.000,0.000,0.140,0.000,0.054,0.000,0.000,0.000,0.086,0.000,0.145,0.000,0.131,0.133,0.000,0.000,0.000,0.000,0.016,0.000,0.106,0.000,0.000,0.005,0.023,0.000,0.000,0.000,0.000,0.000,0.000
318.681,"Zantiks Unit",1,"W002",30.33,18,1,15,"POST",3,"0",0.0,0.0,6.5,1.5,15.1,19.5,3.3,17.6,0.0,11.5,17.1,0.0,13.3,3.1,0.0,0.0,7.9,0.0,0.0,13.8,0.0,10.9,7.3,0.0,0.0,14.7,0.0,8.7,0.0,11.5,13.7,0.0,0.0,0.0,0.0,8.4,2.9,13.4,0.0,0.0,13.1,0.0,0.0,0.0,0.0,0.0,0.0,0.0,0.000,0.000,0.117,0.000,0.040,0.390,0.000,0.114,0.000,0.052,0.022,0.000,0.028,0.010,0.000,0.000,0.002,0.000,0.000,0.051,0.000,0.031,0.135,0.000,0.000,0.059,0.000,0.047,0.000,0.044,0.048,0.000,0.000,0.000,0.000,0.068,0.007,0.075,0.000,0.000,0.155,0.000,0.000,0.000,0.000,0.000,0.000,0.000
319.685,"Zantiks Unit",1,"W002",30.33,19,1,16,"REST",1,"0",0.0,0.0,6.5,1.4,13.0,12.3,2.9,17.1,0.0,10.0,4.6,7.5,15.0,3.5,0.0,0.0,0.0,0.0,0.0,9.2,0.0,13.5,3.1,5.3,0.0,16.3,0.0,7.8,0.0,11.3,14.0,0.0,0.0,0.0,0.0,13.3,0.0,0.0,0.0,0.0,11.7,0.0,0.0,0.0,0.0,0.0,0.0,0.0,0.000,0.000,0.058,0.000,0.068,0.259,0.000,0.189,0.000,0.070,0.000,0.045,0.041,0.007,0.000,0.000,0.000,0.001,0.000,0.189,0.000,0.141,0.057,0.015,0.000,0.059,0.000,0.000,0.000,0.044,0.084,0.000,0.000,0.000,0.000,0.128,0.000,0.000,0.000,0.000,0.032,0.000,0.000,0.000,0.000,0.000,0.000,0.000
320.689,"Zantiks Unit",1,"W002",30.33,20,1,17,"REST",2,"0",0.0,0.0,6.8,1.5,16.3,13.6,1.5,20.2,0.0,15.1,3.3,10.0,13.4,10.1,0.0,0.0,0.0,0.0,0.0,8.1,0.0,9.8,5.5,4.8,0.0,10.6,0.0,6.5,0.0,7.9,16.3,0.0,0.0,0.0,0.0,0.0,0.0,0.0,0.0,0.0,0.0,3.1,0.0,0.0,0.0,0.0,0.0,0.0,0.000,0.000,0.035,0.000,0.089,0.130,0.000,0.139,0.000,0.067,0.000,0.098,0.027,0.028,0.000,0.000,0.000,0.000,0.000,0.051,0.000,0.039,0.092,0.047,0.000,0.034,0.000,0.006,0.000,0.050,0.102,0.000,0.000,0.000,0.000,0.000,0.000,0.000,0.000,0.000,0.000,0.003,0.000,0.000,0.000,0.000,0.000,0.000
321.693,"Zantiks Unit",1,"W002",30.33,21,1,18,"REST",3,"0",0.0,0.0,5.9,0.0,13.6,13.9,0.0,8.7,1.9,15.4,3.0,6.2,13.6,10.4,0.0,0.0,0.0,0.0,1.4,11.7,0.0,6.5,9.3,16.4,1.7,6.7,0.0,9.2,3.4,9.8,16.6,0.0,0.0,0.0,0.0,1.7,12.8,0.0,0.0,4.7,0.0,7.8,0.0,0.0,0.0,0.0,0.0,0.0,0.000,0.000,0.040,0.000,0.092,0.356,0.000,0.101,0.000,0.118,0.003,0.066,0.033,0.043,0.000,0.001,0.000,0.000,0.000,0.046,0.000,0.042,0.090,0.048,0.000,0.000,0.000,0.040,0.000,0.048,0.052,0.000,0.000,0.000,0.000,0.013,0.072,0.000,0.000,0.004,0.000,0.009,0.000,0.000,0.000,0.000,0.000,0.000
322.715,"Zantiks Unit",1,"W002",30.33,22,1,19,"REST",4,"0",0.0,0.0,6.1,0.0,17.6,6.2,3.4,1.6,0.0,4.8,16.1,6.9,12.4,11.4,0.0,1.6,7.6,0.0,6.1,11.5,0.0,13.3,6.3,11.9,0.0,2.9,0.0,7.5,3.0,6.7,13.8,0.0,0.0,0.0,0.0,13.4,12.0,0.0,0.0,0.0,9.4,10.8,0.0,0.0,0.0,0.0,0.0,0.0,0.000,0.000,0.086,0.000,0.313,0.003,0.013,0.001,0.000,0.020,0.071,0.041,0.079,0.040,0.000,0.000,0.007,0.000,0.001,0.234,0.000,0.200,0.123,0.090,0.000,0.000,0.000,0.035,0.000,0.026,0.163,0.000,0.000,0.000,0.000,0.049,0.086,0.000,0.000,0.000,0.041,0.023,0.000,0.000,0.000,0.000,0.000,0.000
323.720,"Zantiks Unit",1,"W002",30.33,23,1,20,"REST",5,"0",0.0,0.0,7.4,0.0,9.0,3.0,8.4,0.0,6.4,0.0,9.7,3.2,6.7,12.8,0.0,2.9,4.6,0.0,0.0,12.4,0.0,6.3,9.7,3.4,0.0,9.5,0.0,8.3,0.0,3.1,6.3,0.0,1.4,0.0,0.0,10.2,17.7,0.0,0.0,0.0,16.0,11.2,0.0,0.0,0.0,0.0,0.0,0.0,0.000,0.000,0.108,0.000,0.145,0.001,0.102,0.000,0.002,0.000,0.051,0.006,0.040,0.039,0.000,0.000,0.001,0.000,0.000,0.047,0.000,0.021,0.102,0.002,0.000,0.030,0.000,0.034,0.000,0.007,0.010,0.000,0.000,0.000,0.000,0.075,0.182,0.000,0.000,0.000,0.082,0.046,0.000,0.000,0.000,0.000,0.000,0.000
324.724,"Zantiks Unit",1,"W002",30.33,24,1,21,"REST",6,"0",0.0,4.6,1.4,0.0,4.8,3.1,6.6,3.6,0.0,0.0,13.5,8.3,16.3,11.4,0.0,3.1,6.2,0.0,0.0,7.0,0.0,11.6,6.9,8.0,0.0,1.7,0.0,15.2,0.0,10.0,1.5,1.4,1.4,0.0,0.0,10.2,15.5,0.0,0.0,0.0,2.9,8.7,0.0,0.0,0.0,0.0,0.0,0.0,0.000,0.013,0.000,0.000,0.003,0.000,0.019,0.019,0.000,0.000,0.063,0.017,0.105,0.069,0.000,0.000,0.002,0.000,0.000,0.111,0.000,0.125,0.032,0.026,0.000,0.036,0.000,0.134,0.000,0.054,0.006,0.001,0.000,0.000,0.000,0.061,0.182,0.000,0.000,0.000,0.007,0.026,0.000,0.000,0.000,0.000,0.000,0.000
325.727,"Zantiks Unit",1,"W002",30.33,25,1,22,"REST",7,"0",1.7,6.7,0.0,0.0,14.9,7.0,3.1,18.7,0.0,11.0,3.1,9.8,4.0,1.5,0.0,0.0,4.9,0.0,1.5,4.9,0.0,4.9,12.4,13.9,0.0,19.5,0.0,10.5,0.0,8.5,6.8,7.8,0.0,0.0,0.0,5.5,13.2,0.0,0.0,0.0,0.0,14.9,0.0,0.0,0.0,0.0,0.0,0.0,0.000,0.139,0.000,0.000,0.034,0.069,0.005,0.140,0.000,0.036,0.026,0.038,0.027,0.000,0.000,0.000,0.001,0.000,0.000,0.103,0.000,0.042,0.237,0.049,0.000,0.129,0.000,0.076,0.000,0.031,0.020,0.005,0.000,0.000,0.000,0.040,0.186,0.000,0.000,0.000,0.000,0.086,0.000,0.000,0.000,0.000,0.000,0.000
326.750,"Zantiks Unit",1,"W002",30.24,26,1,23,"REST",8,"0",6.2,8.3,0.0,1.4,14.9,3.5,5.9,7.9,0.0,13.4,6.7,10.4,9.5,0.0,0.0,0.0,13.5,0.0,0.0,11.8,0.0,1.6,7.0,11.2,0.0,17.0,0.0,19.5,0.0,10.2,1.5,9.4,0.0,0.0,0.0,0.0,6.8,8.5,0.0,0.0,6.6,15.0,0.0,0.0,0.0,0.0,0.0,0.0,0.003,0.107,0.000,0.000,0.075,0.069,0.045,0.009,0.000,0.087,0.002,0.047,0.119,0.000,0.000,0.000,0.021,0.000,0.000,0.040,0.000,0.000,0.143,0.008,0.000,0.111,0.000,0.157,0.000,0.057,0.000,0.020,0.000,0.000,0.000,0.000,0.082,0.051,0.000,0.000,0.019,0.077,0.000,0.000,0.000,0.000,0.000,0.000
327.755,"Zantiks Unit",1,"W002",30.24,27,1,24,"REST",9,"0",1.4,1.7,0.0,0.0,11.3,0.0,11.6,11.3,0.0,10.9,4.6,13.2,18.9,11.3,0.0,0.0,4.9,0.0,0.0,10.1,0.0,0.0,15.1,14.8,0.0,17.6,0.0,13.7,0.0,14.5,7.4,8.0,6.4,0.0,0.0,0.0,4.6,15.1,7.7,0.0,15.2,14.2,0.0,0.0,0.0,0.0,0.0,0.0,0.002,0.031,0.000,0.000,0.048,0.000,0.201,0.004,0.000,0.024,0.000,0.061,0.118,0.035,0.000,0.000,0.004,0.000,0.000,0.084,0.000,0.000,0.251,0.021,0.000,0.146,0.000,0.087,0.000,0.045,0.081,0.000,0.005,0.000,0.000,0.000,0.032,0.094,0.103,0.000,0.085,0.172,0.000,0.000,0.000,0.000,0.000,0.000
328.760,"Zantiks Unit",1,"W002",30.24,28,1,25,"REST",10,"0",0.0,3.1,0.0,0.0,16.0,3.2,8.5,17.5,0.0,0.0,4.6,10.3,20.4,9.8,0.0,1.5,0.0,0.0,0.0,7.7,0.0,0.0,11.8,0.0,1.5,15.7,0.0,20.3,0.0,10.4,12.9,9.8,9.5,0.0,0.0,1.8,14.3,11.6,0.0,3.1,10.9,6.5,0.0,0.0,0.0,0.0,0.0,0.0,0.000,0.064,0.000,0.000,0.134,0.001,0.050,0.044,0.000,0.000,0.015,0.078,0.127,0.022,0.000,0.000,0.000,0.000,0.000,0.165,0.000,0.000,0.251,0.000,0.000,0.085,0.000,0.179,0.000,0.048,0.092,0.005,0.031,0.000,0.000,0.008,0.097,0.062,0.000,0.014,0.060,0.038,0.000,0.000,0.000,0.000,0.000,0.000
329.781,"Zantiks Unit",1,"W002",30.24,29,1,26,"REST",11,"0",1.5,0.0,1.4,1.5,14.5,3.8,13.2,19.6,0.0,0.0,18.9,1.4,15.9,7.9,0.0,0.0,0.0,0.0,0.0,0.0,0.0,6.7,16.9,6.4,0.0,20.0,0.0,22.6,0.0,4.7,4.9,13.0,9.3,0.0,0.0,3.1,14.8,11.3,1.7,13.5,16.6,13.4,0.0,0.0,0.0,0.0,0.0,0.0,0.000,0.000,0.000,0.000,0.303,0.003,0.104,0.091,0.000,0.001,0.121,0.009,0.107,0.027,0.000,0.000,0.000,0.000,0.000,0.000,0.000,0.038,0.243,0.003,0.000,0.159,0.000,0.223,0.000,0.012,0.006,0.069,0.005,0.000,0.000,0.001,0.091,0.085,0.016,0.105,0.108,0.034,0.000,0.000,0.000,0.000,0.000,0.000
330.785,"Zantiks Unit",1,"W002",30.24,30,1,27,"REST",12,"0",7.6,0.0,6.4,0.0,1.7,5.1,11.3,18.8,0.0,0.0,14.0,4.9,17.7,0.0,0.0,0.0,0.0,2.9,0.0,1.5,0.0,16.5,14.1,5.9,0.0,18.5,0.0,21.6,6.2,8.3,3.1,3.2,0.0,0.0,0.0,1.7,14.5,0.0,20.1,19.1,6.9,12.0,0.0,0.0,0.0,0.0,0.0,0.0,0.004,0.000,0.023,0.000,0.003,0.008,0.093,0.067,0.000,0.000,0.113,0.034,0.117,0.000,0.000,0.000,0.000,0.000,0.000,0.000,0.000,0.128,0.297,0.001,0.000,0.152,0.000,0.164,0.007,0.042,0.007,0.000,0.000,0.000,0.000,0.000,0.210,0.000,0.133,0.137,0.072,0.092,0.000,0.000,0.000,0.000,0.000,0.000
331.789,"Zantiks Unit",1,"W002",30.24,31,1,28,"REST",13,"0",0.0,0.0,3.1,0.0,3.2,4.4,0.0,15.1,0.0,4.8,16.5,8.1,17.4,3.4,0.0,0.0,0.0,0.0,0.0,5.3,0.0,1.7,16.3,13.2,0.0,13.8,2.9,18.4,8.1,4.7,4.7,0.0,0.0,1.6,0.0,1.5,6.2,0.0,18.3,16.8,1.7,7.2,0.0,0.0,0.0,0.0,0.0,0.0,0.000,0.000,0.005,0.000,0.004,0.015,0.000,0.077,0.000,0.034,0.086,0.022,0.089,0.005,0.000,0.000,0.000,0.000,0.000,0.022,0.000,0.025,0.227,0.015,0.000,0.062,0.001,0.171,0.037,0.007,0.009,0.000,0.000,0.000,0.000,0.000,0.033,0.000,0.209,0.052,0.000,0.014,0.000,0.000,0.000,0.000,0.000,0.000
332.812,"Zantiks Unit",1,"W002",30.24,32,1,29,"RECOVERY","0","0",0.0,0.0,0.0,0.0,0.0,14.6,4.5,22.8,0.0,4.8,11.2,7.9,6.6,0.0,5.4,0.0,0.0,0.0,0.0,11.5,0.0,2.1,16.0,12.0,0.0,15.0,0.0,18.8,8.4,3.2,8.1,0.0,0.0,0.0,0.0,0.0,6.5,0.0,12.6,13.5,5.0,10.3,0.0,0.0,0.0,0.0,0.0,0.0,0.000,0.000,0.000,0.000,0.000,0.223,0.001,0.102,0.000,0.005,0.065,0.040,0.036,0.000,0.013,0.000,0.000,0.000,0.000,0.090,0.000,0.009,0.340,0.018,0.000,0.089,0.000,0.129,0.104,0.008,0.064,0.000,0.000,0.000,0.000,0.000,0.021,0.000,0.155,0.089,0.018,0.012,0.000,0.000,0.000,0.000,0.000,0.000
333.846,"Zantiks Unit",1,"W002",30.24,33,1,30,"REST",14,"0",0.0,0.0,0.0,0.0,2.9,8.3,0.0,19.3,0.0,0.0,13.0,10.4,9.4,4.6,0.0,0.0,0.0,0.0,0.0,11.7,0.0,13.4,1.4,12.3,0.0,19.5,0.0,15.3,14.8,8.4,9.4,0.0,3.2,0.0,0.0,0.0,14.3,0.0,0.0,19.6,14.5,1.5,0.0,0.0,0.0,0.0,0.0,0.0,0.000,0.000,0.000,0.000,0.001,0.041,0.000,0.051,0.000,0.000,0.068,0.047,0.103,0.010,0.000,0.000,0.000,0.000,0.000,0.154,0.000,0.050,0.000,0.011,0.000,0.123,0.000,0.060,0.167,0.026,0.038,0.000,0.001,0.000,0.000,0.000,0.094,0.000,0.000,0.090,0.094,0.010,0.000,0.000,0.000,0.000,0.000,0.000
334.850,"Zantiks Unit",1,"W002",30.33,34,1,31,"REST",15,"0",3.1,0.0,7.1,1.6,0.0,8.4,3.2,17.6,0.0,0.0,13.2,11.0,13.2,7.8,0.0,0.0,0.0,0.0,6.2,3.2,0.0,11.8,17.5,13.0,0.0,19.1,0.0,12.7,13.6,9.1,10.5,0.0,3.0,3.4,0.0,7.9,10.8,0.0,0.0,15.8,16.4,7.9,0.0,0.0,0.0,0.0,0.0,0.0,0.003,0.000,0.119,0.000,0.000,0.004,0.005,0.095,0.000,0.000,0.060,0.034,0.108,0.011,0.000,0.000,0.000,0.000,0.000,0.003,0.000,0.135,0.423,0.028,0.000,0.138,0.000,0.073,0.157,0.067,0.078,0.000,0.000,0.021,0.000,0.001,0.075,0.000,0.000,0.136,0.207,0.059,0.000,0.000,0.000,0.000,0.000,0.000
335.854,"Zantiks Unit",1,"W002",30.33,35,1,32,"REST",16,"0",7.9,0.0,13.6,0.0,11.1,0.0,4.7,20.9,0.0,3.0,13.9,6.3,20.4,8.1,0.0,0.0,0.0,0.0,4.8,11.1,0.0,12.2,17.2,12.8,0.0,12.2,8.2,5.4,14.6,6.3,12.0,0.0,14.3,11.2,0.0,0.0,12.6,0.0,1.7,21.1,13.2,1.5,0.0,0.0,0.0,0.0,0.0,0.0,0.004,0.000,0.302,0.000,0.014,0.000,0.045,0.084,0.000,0.001,0.076,0.068,0.123,0.022,0.000,0.000,0.000,0.000,0.001,0.012,0.000,0.029,0.237,0.006,0.000,0.088,0.000,0.000,0.201,0.016,0.107,0.000,0.144,0.128,0.000,0.000,0.100,0.000,0.003,0.249,0.209,0.000,0.000,0.000,0.000,0.000,0.000,0.000
336.858,"Zantiks Unit",1,"W002",30.33,36,1,33,"REST",17,"0",4.8,0.0,0.0,0.0,9.5,3.3,9.4,19.2,0.0,4.5,11.6,4.7,1.4,9.7,0.0,0.0,0.0,0.0,1.6,12.8,0.0,3.3,19.7,12.1,0.0,18.9,0.0,0.0,11.1,10.2,5.0,0.0,6.7,9.1,0.0,0.0,12.7,4.7,1.5,20.4,12.0,0.0,0.0,0.0,0.0,0.0,0.0,0.0,0.001,0.000,0.000,0.000,0.063,0.000,0.077,0.076,0.000,0.007,0.055,0.025,0.001,0.031,0.000,0.000,0.000,0.000,0.000,0.106,0.000,0.004,0.454,0.028,0.000,0.114,0.000,0.000,0.140,0.072,0.014,0.000,0.019,0.043,0.000,0.000,0.087,0.020,0.002,0.140,0.190,0.000,0.000,0.000,0.000,0.000,0.000,0.000
337.880,"Zantiks Unit",1,"W002",30.33,37,1,34,"REST",18,"0",4.9,0.0,5.3,3.0,12.2,4.6,7.0,18.6,0.0,0.0,15.3,0.0,16.9,12.6,0.0,0.0,0.0,0.0,0.0,9.0,0.0,13.8,17.6,0.0,0.0,18.7,0.0,4.7,6.6,6.2,6.3,1.6,20.5,7.5,0.0,8.4,11.9,12.8,0.0,21.9,10.9,1.6,0.0,0.0,0.0,0.0,0.0,0.0,0.042,0.000,0.029,0.000,0.017,0.005,0.037,0.053,0.000,0.000,0.087,0.000,0.139,0.061,0.000,0.000,0.000,0.000,0.000,0.018,0.000,0.170,0.253,0.000,0.000,0.146,0.000,0.003,0.039,0.005,0.037,0.000,0.141,0.004,0.000,0.003,0.080,0.077,0.000,0.194,0.141,0.000,0.000,0.000,0.000,0.000,0.000,0.000
338.884,"Zantiks Unit",1,"W002",30.33,38,1,35,"REST",19,"0",6.4,0.0,4.7,0.0,10.7,2.9,9.4,17.6,0.0,1.6,13.5,0.0,17.4,8.0,0.0,0.0,0.0,7.8,0.0,5.5,0.0,14.3,17.3,3.4,1.5,17.3,7.8,12.4,7.5,1.6,12.5,0.0,8.3,3.0,0.0,6.5,14.6,16.5,0.0,15.9,13.8,0.0,0.0,0.0,0.0,0.0,0.0,0.0,0.024,0.000,0.025,0.000,0.027,0.014,0.038,0.083,0.000,0.000,0.045,0.000,0.141,0.012,0.000,0.000,0.000,0.015,0.000,0.039,0.000,0.071,0.288,0.000,0.000,0.129,0.003,0.100,0.059,0.000,0.144,0.000,0.015,0.001,0.000,0.001,0.091,0.116,0.000,0.161,0.196,0.000,0.000,0.000,0.000,0.000,0.000,0.000
339.889,"Zantiks Unit",1,"W002",30.33,39,1,36,"REST",20,"0",0.0,4.6,0.0,0.0,15.8,3.2,4.8,16.2,0.0,4.8,6.2,3.1,20.3,3.5,0.0,0.0,0.0,6.0,3.0,10.4,0.0,9.4,17.4,13.1,3.3,18.1,1.7,7.9,11.0,2.9,1.5,0.0,15.2,0.0,0.0,3.2,16.4,6.7,0.0,5.0,13.6,5.0,0.0,0.0,0.0,0.0,0.0,0.0,0.000,0.002,0.000,0.000,0.066,0.025,0.025,0.029,0.000,0.037,0.024,0.010,0.117,0.011,0.000,0.000,0.000,0.004,0.000,0.216,0.000,0.084,0.345,0.012,0.000,0.102,0.001,0.026,0.104,0.000,0.002,0.000,0.126,0.000,0.000,0.000,0.180,0.035,0.000,0.017,0.252,0.002,0.000,0.000,0.000,0.000,0.000,0.000
340.893,"Zantiks Unit",1,"W002",30.33,40,1,37,"REST",21,"0",0.0,4.6,6.5,0.0,15.8,8.3,8.5,21.8,0.0,14.2,8.2,0.0,8.8,6.6,0.0,0.0,0.0,0.0,4.6,1.6,0.0,7.9,13.8,15.7,3.4,16.6,4.5,8.5,9.7,3.0,10.1,0.0,7.9,0.0,0.0,15.0,15.1,13.2,1.5,0.0,12.3,9.5,0.0,0.0,0.0,0.0,0.0,0.0,0.000,0.006,0.124,0.000,0.308,0.114,0.062,0.112,0.000,0.281,0.043,0.000,0.080,0.029,0.000,0.000,0.000,0.000,0.001,0.002,0.000,0.051,0.153,0.036,0.000,0.125,0.001,0.088,0.099,0.000,0.037,0.000,0.032,0.000,0.000,0.195,0.185,0.139,0.000,0.000,0.191,0.098,0.000,0.000,0.000,0.000,0.000,0.000
341.914,"Zantiks Unit",1,"W002",30.33,41,1,38,"REST",22,"0",0.0,6.4,7.7,1.5,11.3,13.8,7.8,16.4,0.0,16.0,1.4,1.5,18.6,11.4,0.0,0.0,0.0,0.0,6.3,0.0,0.0,9.9,9.1,12.3,4.7,18.4,0.0,18.9,11.6,8.0,6.3,0.0,0.0,0.0,0.0,4.7,3.1,8.2,0.0,0.0,15.2,8.6,0.0,0.0,0.0,0.0,0.0,0.0,0.000,0.005,0.097,0.000,0.038,0.207,0.056,0.117,0.000,0.253,0.000,0.003,0.113,0.031,0.000,0.000,0.000,0.000,0.002,0.004,0.000,0.017,0.139,0.009,0.000,0.121,0.000,0.220,0.075,0.005,0.018,0.000,0.000,0.000,0.000,0.034,0.041,0.043,0.000,0.000,0.306,0.041,0.000,0.000,0.000,0.000,0.000,0.000
342.917,"Zantiks Unit",1,"W002",30.33,42,1,39,"REST",23,"0",0.0,4.7,8.3,4.9,11.5,0.0,9.8,20.2,0.0,17.0,0.0,9.8,15.3,13.3,0.0,0.0,0.0,3.1,6.1,13.4,0.0,10.9,6.3,13.4,0.0,15.9,0.0,18.2,3.1,1.7,12.1,0.0,0.0,0.0,0.0,8.3,12.8,4.4,0.0,0.0,12.2,14.1,0.0,0.0,0.0,0.0,0.0,0.0,0.000,0.003,0.064,0.004,0.073,0.005,0.048,0.067,0.000,0.349,0.000,0.012,0.111,0.083,0.000,0.000,0.000,0.000,0.001,0.045,0.000,0.118,0.099,0.016,0.000,0.095,0.000,0.116,0.002,0.003,0.122,0.000,0.000,0.000,0.000,0.117,0.181,0.008,0.000,0.000,0.174,0.107,0.000,0.000,0.000,0.000,0.000,0.000
343.921,"Zantiks Unit",1,"W002",30.33,43,2,1,"PRE",1,"0",0.0,3.2,9.7,14.5,11.3,0.0,8.5,11.1,0.0,18.5,4.4,9.1,16.9,6.2,0.0,0.0,1.7,3.0,6.4,11.7,0.0,1.7,12.1,15.1,0.0,12.4,0.0,11.5,6.1,0.0,12.6,12.5,0.0,1.5,0.0,13.3,0.0,11.4,7.1,0.0,8.5,7.8,0.0,0.0,0.0,0.0,0.0,0.0,0.000,0.001,0.151,0.117,0.021,0.000,0.051,0.050,0.000,0.376,0.055,0.045,0.110,0.028,0.000,0.000,0.000,0.001,0.004,0.227,0.000,0.012,0.149,0.029,0.000,0.097,0.000,0.061,0.014,0.000,0.049,0.018,0.000,0.000,0.000,0.212,0.001,0.091,0.033,0.000,0.135,0.038,0.000,0.000,0.000,0.000,0.000,0.000
344.943,"Zantiks Unit",1,"W002",30.33,44,2,2,"PRE",2,"0",0.0,0.0,2.9,6.2,16.2,0.0,3.4,16.6,0.0,18.6,0.0,10.6,1.6,8.1,0.0,0.0,0.0,6.5,0.0,15.2,0.0,1.6,17.5,13.5,0.0,9.9,1.6,10.5,11.9,0.0,4.7,11.5,1.5,0.0,0.0,11.6,1.5,12.8,4.7,0.0,5.1,9.7,0.0,0.0,0.0,0.0,0.0,0.0,0.000,0.000,0.040,0.011,0.131,0.000,0.006,0.078,0.000,0.339,0.000,0.036,0.017,0.015,0.000,0.000,0.000,0.001,0.000,0.045,0.000,0.000,0.432,0.025,0.000,0.031,0.000,0.070,0.041,0.000,0.030,0.034,0.000,0.000,0.000,0.100,0.007,0.060,0.044,0.000,0.039,0.062,0.000,0.000,0.000,0.000,0.000,0.000
345.947,"Zantiks Unit",1,"W002",30.33,45,2,3,"PRE",3,"0",3.1,0.0,1.6,10.1,14.9,1.5,7.8,13.1,0.0,13.0,8.8,10.2,0.0,7.0,0.0,0.0,3.0,2.9,1.4,3.1,0.0,8.1,12.2,13.3,0.0,7.9,0.0,14.9,6.3,0.0,19.0,3.2,1.5,1.5,0.0,0.0,0.0,6.6,0.0,0.0,7.6,14.8,0.0,0.0,0.0,0.0,0.0,0.0,0.002,0.000,0.009,0.074,0.073,0.000,0.001,0.040,0.000,0.253,0.076,0.030,0.000,0.022,0.000,0.000,0.000,0.000,0.000,0.035,0.000,0.046,0.160,0.009,0.000,0.032,0.000,0.066,0.002,0.000,0.165,0.000,0.000,0.000,0.000,0.002,0.000,0.031,0.000,0.000,0.046,0.354,0.000,0.000,0.000,0.000,0.000,0.000
346.951,"Zantiks Unit",1,"W002",30.33,46,2,4,"PRE",4,"0",0.0,3.5,1.6,11.2,12.8,1.5,0.0,15.5,0.0,16.7,11.1,9.8,13.8,11.2,1.5,0.0,6.2,3.2,0.0,6.5,0.0,13.2,17.5,1.4,0.0,17.3,0.0,18.8,3.0,0.0,17.9,1.4,0.0,1.6,0.0,8.7,4.9,14.4,0.0,6.4,13.9,17.8,0.0,0.0,0.0,0.0,0.0,0.0,0.000,0.049,0.000,0.172,0.109,0.001,0.000,0.087,0.000,0.326,0.059,0.040,0.103,0.157,0.000,0.000,0.001,0.000,0.000,0.145,0.000,0.063,0.410,0.000,0.000,0.133,0.000,0.151,0.012,0.000,0.180,0.000,0.000,0.000,0.000,0.080,0.041,0.104,0.000,0.024,0.145,0.219,0.000,0.000,0.000,0.000,0.000,0.000
347.955,"Zantiks Unit",1,"W002",30.33,47,2,5,"PRE",5,"0",0.0,9.7,3.3,5.2,13.4,1.4,4.7,10.4,0.0,19.2,0.0,5.9,10.5,3.1,0.0,0.0,9.1,2.9,0.0,14.0,0.0,15.4,20.7,3.2,0.0,14.5,0.0,5.2,6.1,0.0,17.1,3.0,0.0,0.0,0.0,0.0,9.8,9.8,7.2,14.2,6.8,14.4,0.0,0.0,0.0,0.0,0.0,0.0,0.000,0.100,0.036,0.023,0.032,0.030,0.000,0.077,0.000,0.408,0.000,0.042,0.043,0.038,0.000,0.000,0.011,0.000,0.000,0.068,0.000,0.165,0.370,0.014,0.000,0.088,0.000,0.037,0.000,0.000,0.120,0.000,0.000,0.000,0.000,0.000,0.043,0.069,0.139,0.103,0.055,0.187,0.000,0.000,0.000,0.000,0.000,0.000
348.977,"Zantiks Unit",1,"W002",30.33,48,2,6,"PRE",6,"0",0.0,6.0,7.9,6.3,16.4,13.5,0.0,21.2,0.0,6.8,0.0,8.9,19.1,1.5,0.0,0.0,4.6,7.4,0.0,10.6,0.0,12.9,17.9,15.5,0.0,19.0,0.0,13.4,0.0,0.0,17.7,10.8,0.0,2.9,0.0,1.5,15.0,12.2,17.4,21.1,5.9,14.5,0.0,0.0,0.0,0.0,0.0,0.0,0.000,0.021,0.015,0.002,0.235,0.139,0.000,0.158,0.000,0.088,0.000,0.043,0.155,0.001,0.000,0.000,0.002,0.002,0.000,0.150,0.000,0.082,0.306,0.017,0.000,0.157,0.000,0.083,0.000,0.000,0.160,0.062,0.000,0.002,0.000,0.000,0.091,0.107,0.289,0.078,0.024,0.086,0.000,0.000,0.000,0.000,0.000,0.000
349.982,"Zantiks Unit",1,"W002",30.33,49,2,7,"STARTLE","0",1,0.0,0.0,3.2,0.0,11.8,4.9,0.0,21.5,0.0,1.5,6.9,10.0,11.8,15.7,0.0,0.0,0.0,4.5,0.0,12.9,0.0,10.7,13.0,12.2,0.0,13.8,2.9,17.0,0.0,0.0,11.6,12.8,0.0,8.0,0.0,1.6,10.1,11.5,20.5,8.3,6.6,8.0,0.0,0.0,0.0,0.0,0.0,0.0,0.000,0.000,0.013,0.000,0.048,0.002,0.000,0.124,0.000,0.001,0.020,0.081,0.089,0.208,0.000,0.000,0.000,0.001,0.000,0.104,0.000,0.103,0.275,0.030,0.000,0.086,0.000,0.088,0.000,0.000,0.074,0.048,0.000,0.011,0.000,0.000,0.069,0.056,0.347,0.076,0.020,0.038,0.000,0.000,0.000,0.000,0.000,0.000
350.985,"Zantiks Unit",1,"W002",30.24,50,2,8,"BETWEEN","0",1,1.5,0.0,10.0,6.1,13.8,1.7,1.5,17.8,0.0,0.0,0.0,6.5,16.8,6.8,0.0,0.0,0.0,0.0,0.0,6.2,0.0,14.6,3.2,6.1,0.0,15.5,8.7,15.4,3.1,1.5,17.4,12.6,0.0,12.9,0.0,1.9,15.6,12.5,17.1,21.1,9.4,13.2,0.0,0.0,0.0,0.0,0.0,0.0,0.000,0.000,0.124,0.003,0.102,0.000,0.001,0.106,0.000,0.000,0.000,0.042,0.102,0.050,0.000,0.000,0.000,0.000,0.000,0.016,0.000,0.070,0.069,0.007,0.000,0.097,0.024,0.100,0.000,0.001,0.170,0.059,0.000,0.057,0.000,0.000,0.225,0.073,0.191,0.220,0.093,0.024,0.000,0.000,0.000,0.000,0.000,0.000
352.009,"Zantiks Unit",1,"W002",30.24,51,2,9,"STARTLE","0",2,0.0,0.0,11.5,1.7,6.2,0.0,4.7,17.2,0.0,0.0,0.0,0.0,17.5,11.8,10.6,0.0,0.0,0.0,0.0,9.1,0.0,8.7,9.2,0.0,0.0,16.4,6.5,14.5,0.0,0.0,19.1,16.8,0.0,9.6,0.0,3.4,6.1,10.6,15.5,20.7,17.9,14.4,0.0,0.0,0.0,0.0,0.0,0.0,0.000,0.000,0.163,0.003,0.004,0.000,0.004,0.134,0.000,0.000,0.000,0.000,0.123,0.035,0.010,0.000,0.000,0.000,0.000,0.043,0.000,0.089,0.122,0.000,0.000,0.100,0.001,0.059,0.000,0.000,0.204,0.100,0.000,0.034,0.000,0.001,0.073,0.068,0.127,0.107,0.266,0.101,0.000,0.000,0.000,0.000,0.000,0.000
353.012,"Zantiks Unit",1,"W002",30.24,52,2,10,"BETWEEN","0",2,4.7,0.0,3.0,2.9,9.8,1.7,5.1,13.1,0.0,0.0,0.0,0.0,14.5,12.4,1.5,0.0,0.0,0.0,0.0,11.7,0.0,13.2,17.0,17.5,0.0,16.9,4.6,13.8,0.0,2.9,17.8,9.3,6.3,15.3,0.0,4.7,10.1,1.5,14.5,17.8,3.0,15.6,0.0,0.0,0.0,0.0,0.0,0.0,0.001,0.000,0.003,0.000,0.012,0.000,0.027,0.062,0.000,0.000,0.000,0.000,0.105,0.058,0.000,0.000,0.000,0.000,0.000,0.072,0.000,0.075,0.309,0.018,0.000,0.091,0.002,0.127,0.000,0.000,0.124,0.020,0.003,0.079,0.000,0.000,0.094,0.001,0.119,0.158,0.001,0.061,0.000,0.000,0.000,0.000,0.000,0.000
354.016,"Zantiks Unit",1,"W002",30.24,53,2,11,"STARTLE","0",3,8.2,1.5,0.0,0.0,8.0,1.5,12.6,16.2,0.0,1.6,0.0,1.6,3.2,15.9,7.7,0.0,0.0,0.0,0.0,12.0,0.0,10.3,11.7,19.9,0.0,15.6,0.0,10.9,0.0,0.0,13.0,11.6,1.4,11.8,0.0,6.0,10.2,3.2,10.6,17.3,3.1,11.6,0.0,0.0,0.0,0.0,0.0,0.0,0.018,0.001,0.000,0.000,0.047,0.001,0.108,0.144,0.000,0.000,0.000,0.001,0.004,0.140,0.000,0.000,0.000,0.000,0.000,0.074,0.000,0.057,0.055,0.023,0.000,0.120,0.000,0.074,0.000,0.001,0.106,0.075,0.000,0.043,0.000,0.023,0.111,0.007,0.088,0.107,0.018,0.126,0.000,0.000,0.000,0.000,0.000,0.000
355.021,"Zantiks Unit",1,"W002",30.24,54,2,12,"BETWEEN","0",3,0.0,4.9,0.0,3.1,11.2,1.6,12.0,20.1,12.7,12.1,0.0,8.2,10.4,13.4,0.0,1.6,0.0,3.1,0.0,15.2,0.0,11.8,13.6,16.7,0.0,12.8,0.0,13.3,0.0,1.9,12.1,10.6,0.0,10.1,0.0,13.2,3.1,9.8,1.6,17.4,8.3,13.3,0.0,0.0,0.0,0.0,0.0,0.0,0.000,0.021,0.000,0.006,0.017,0.000,0.014,0.115,0.070,0.213,0.000,0.025,0.068,0.098,0.000,0.000,0.000,0.000,0.000,0.148,0.000,0.142,0.104,0.048,0.000,0.093,0.000,0.075,0.000,0.002,0.023,0.007,0.000,0.037,0.000,0.052,0.040,0.075,0.002,0.037,0.071,0.036,0.000,0.000,0.000,0.000,0.000,0.000
356.042,"Zantiks Unit",1,"W002",30.24,55,2,13,"POST",1,"0",11.0,0.0,0.0,1.4,15.3,0.0,17.4,6.4,6.6,14.7,0.0,0.0,15.7,14.3,0.0,0.0,0.0,1.5,1.5,4.6,0.0,11.0,8.0,14.7,0.0,17.8,0.0,13.3,0.0,1.6,15.5,16.0,3.1,8.6,0.0,17.1,9.7,11.2,16.6,17.4,9.7,14.0,0.0,0.0,0.0,0.0,0.0,0.0,0.010,0.000,0.000,0.003,0.124,0.000,0.154,0.062,0.037,0.235,0.000,0.000,0.112,0.070,0.000,0.000,0.000,0.000,0.000,0.008,0.000,0.043,0.019,0.010,0.000,0.163,0.000,0.061,0.000,0.001,0.063,0.126,0.000,0.019,0.000,0.198,0.092,0.096,0.213,0.087,0.136,0.084,0.000,0.000,0.000,0.000,0.000,0.000
357.047,"Zantiks Unit",1,"W002",30.24,56,2,14,"POST",2,"0",6.3,1.5,1.4,2.9,13.2,1.6,1.8,11.5,22.6,5.5,0.0,0.0,15.5,6.2,0.0,0.0,0.0,0.0,4.6,8.3,0.0,14.5,13.8,10.0,0.0,18.5,0.0,11.8,0.0,1.7,3.7,9.9,9.9,1.6,0.0,8.8,15.0,10.2,19.3,19.6,5.0,15.6,0.0,0.0,0.0,0.0,0.0,0.0,0.004,0.002,0.000,0.012,0.097,0.000,0.004,0.028,0.225,0.104,0.000,0.000,0.134,0.048,0.000,0.000,0.000,0.000,0.000,0.066,0.000,0.124,0.085,0.037,0.000,0.151,0.000,0.068,0.000,0.001,0.001,0.004,0.026,0.000,0.000,0.062,0.152,0.033,0.076,0.120,0.062,0.066,0.000,0.000,0.000,0.000,0.000,0.000
358.050,"Zantiks Unit",1,"W002",30.24,57,2,15,"POST",3,"0",0.0,1.6,4.7,0.0,17.2,1.6,0.0,17.8,24.8,8.0,0.0,4.7,1.4,4.8,0.0,0.0,0.0,0.0,0.0,13.8,0.0,13.4,10.3,6.8,0.0,16.8,3.5,16.6,0.0,0.0,9.8,1.5,1.6,1.5,0.0,15.2,11.9,14.5,19.9,20.6,7.9,13.4,0.0,0.0,0.0,0.0,0.0,0.0,0.000,0.001,0.045,0.000,0.392,0.002,0.000,0.165,0.107,0.086,0.000,0.017,0.005,0.029,0.000,0.000,0.000,0.000,0.000,0.182,0.000,0.064,0.054,0.012,0.000,0.089,0.000,0.069,0.000,0.000,0.013,0.000,0.000,0.000,0.000,0.175,0.102,0.107,0.211,0.050,0.075,0.094,0.000,0.000,0.000,0.000,0.000,0.000
359.054,"Zantiks Unit",1,"W002",30.33,58,2,16,"REST",1,"0",0.0,0.0,3.4,6.8,15.1,6.6,0.0,21.6,16.6,17.6,0.0,9.4,12.4,0.0,0.0,1.4,0.0,4.8,0.0,13.1,1.5,16.3,8.0,0.0,0.0,15.3,0.0,14.5,0.0,1.5,12.9,0.0,1.6,6.3,0.0,13.6,15.5,9.3,16.8,20.5,5.9,13.8,0.0,0.0,0.0,0.0,0.0,0.0,0.000,0.000,0.063,0.064,0.094,0.002,0.000,0.218,0.078,0.340,0.000,0.029,0.074,0.001,0.000,0.000,0.000,0.001,0.000,0.082,0.000,0.186,0.020,0.000,0.000,0.118,0.000,0.075,0.000,0.001,0.043,0.000,0.002,0.017,0.000,0.216,0.173,0.053,0.188,0.104,0.070,0.063,0.000,0.000,0.000,0.000,0.000,0.000
360.077,"Zantiks Unit",1,"W002",30.33,59,2,17,"REST",2,"0",0.0,0.0,1.5,10.2,17.5,8.1,3.3,11.5,27.5,6.5,3.2,11.7,20.4,4.7,0.0,1.6,0.0,7.9,0.0,11.2,0.0,14.0,8.2,0.0,0.0,15.8,1.9,17.2,0.0,0.0,15.0,0.0,15.4,8.4,0.0,10.2,11.2,14.8,13.5,18.8,4.9,13.1,0.0,0.0,0.0,0.0,0.0,0.0,0.000,0.000,0.001,0.167,0.216,0.018,0.000,0.073,0.178,0.061,0.000,0.098,0.140,0.011,0.000,0.000,0.000,0.003,0.000,0.173,0.000,0.093,0.015,0.000,0.000,0.077,0.007,0.075,0.000,0.000,0.033,0.000,0.035,0.018,0.000,0.155,0.119,0.108,0.067,0.111,0.009,0.073,0.000,0.000,0.000,0.000,0.000,0.000
361.108,"Zantiks Unit",1,"W002",30.33,60,2,18,"REST",3,"0",0.0,0.0,0.0,9.7,9.8,2.9,1.6,1.4,26.9,8.0,0.0,12.8,8.3,14.9,0.0,1.5,0.0,7.8,0.0,15.4,0.0,3.5,0.0,0.0,0.0,18.1,3.3,17.7,0.0,0.0,14.5,0.0,12.6,15.0,0.0,1.8,13.3,11.8,0.0,16.5,5.2,17.7,0.0,0.0,0.0,0.0,0.0,0.0,0.000,0.000,0.000,0.140,0.029,0.000,0.000,0.000,0.175,0.074,0.000,0.072,0.032,0.084,0.000,0.002,0.000,0.004,0.000,0.082,0.000,0.039,0.000,0.000,0.000,0.101,0.001,0.105,0.000,0.000,0.041,0.000,0.071,0.065,0.000,0.016,0.137,0.058,0.000,0.036,0.069,0.084,0.000,0.000,0.000,0.000,0.000,0.000
362.112,"Zantiks Unit",1,"W002",30.33,61,2,19,"REST",4,"0",4.7,3.1,0.0,17.8,11.8,3.0,15.5,5.7,12.6,9.4,8.9,8.0,3.4,11.6,0.0,0.0,0.0,4.6,0.0,10.1,0.0,10.0,1.7,11.7,0.0,17.5,0.0,15.7,0.0,0.0,9.3,0.0,14.3,6.4,0.0,7.5,1.9,1.5,16.1,18.5,6.7,9.6,0.0,0.0,0.0,0.0,0.0,0.0,0.018,0.000,0.000,0.375,0.179,0.009,0.166,0.036,0.032,0.138,0.043,0.055,0.021,0.141,0.000,0.000,0.000,0.001,0.000,0.239,0.000,0.057,0.001,0.025,0.000,0.124,0.000,0.097,0.000,0.000,0.011,0.000,0.067,0.018,0.000,0.102,0.024,0.001,0.227,0.076,0.015,0.049,0.000,0.000,0.000,0.000,0.000,0.000
363.115,"Zantiks Unit",1,"W002",30.24,62,2,20,"REST",5,"0",9.8,8.1,0.0,4.6,6.1,6.1,4.9,16.2,13.9,13.6,6.9,4.4,15.9,6.4,0.0,0.0,0.0,6.7,0.0,14.7,0.0,1.5,0.0,13.5,0.0,14.7,5.3,11.6,0.0,0.0,16.1,1.5,11.8,12.9,0.0,5.1,1.6,11.2,14.9,11.6,1.4,12.0,0.0,0.0,0.0,0.0,0.0,0.0,0.035,0.014,0.000,0.023,0.019,0.011,0.030,0.142,0.025,0.287,0.077,0.007,0.099,0.017,0.000,0.000,0.000,0.001,0.000,0.045,0.000,0.007,0.000,0.051,0.000,0.080,0.002,0.042,0.000,0.000,0.141,0.000,0.121,0.058,0.000,0.005,0.023,0.100,0.054,0.053,0.002,0.030,0.000,0.000,0.000,0.000,0.000,0.000
364.119,"Zantiks Unit",1,"W002",30.24,63,2,21,"REST",6,"0",8.5,3.1,3.0,7.9,4.9,0.0,6.6,21.6,18.7,18.9,7.1,11.4,8.5,2.9,0.0,0.0,0.0,3.2,0.0,8.6,0.0,0.0,0.0,12.5,0.0,14.9,0.0,13.0,0.0,0.0,15.1,5.0,6.3,11.8,0.0,9.7,11.4,11.8,16.9,17.5,4.6,10.9,0.0,0.0,0.0,0.0,0.0,0.0,0.014,0.000,0.026,0.047,0.013,0.003,0.015,0.156,0.074,0.391,0.040,0.033,0.053,0.000,0.000,0.000,0.000,0.005,0.000,0.230,0.000,0.000,0.000,0.010,0.000,0.111,0.000,0.071,0.000,0.000,0.098,0.012,0.046,0.048,0.000,0.018,0.130,0.050,0.168,0.057,0.009,0.078,0.000,0.000,0.000,0.000,0.000,0.000
365.141,"Zantiks Unit",1,"W002",30.24,64,2,22,"REST",7,"0",0.0,0.0,11.0,5.1,13.4,3.1,6.7,22.8,25.4,17.4,0.0,8.7,7.9,9.4,0.0,0.0,0.0,5.9,0.0,15.1,0.0,0.0,0.0,10.3,0.0,18.7,0.0,6.5,0.0,0.0,16.9,14.3,18.8,14.6,0.0,15.5,16.9,10.8,18.1,19.0,10.1,16.7,0.0,0.0,0.0,0.0,0.0,0.0,0.000,0.000,0.156,0.198,0.355,0.020,0.028,0.230,0.105,0.340,0.000,0.035,0.049,0.016,0.000,0.000,0.000,0.001,0.000,0.072,0.000,0.000,0.000,0.027,0.000,0.124,0.000,0.029,0.000,0.000,0.074,0.110,0.188,0.096,0.000,0.151,0.196,0.087,0.126,0.111,0.157,0.047,0.000,0.000,0.000,0.000,0.000,0.000
366.145,"Zantiks Unit",1,"W002",30.24,65,2,23,"REST",8,"0",0.0,3.0,3.0,9.1,8.4,6.5,13.6,18.5,23.9,8.5,0.0,1.7,14.8,9.4,0.0,1.4,1.6,5.0,0.0,12.5,0.0,0.0,4.6,7.6,0.0,13.5,0.0,16.6,0.0,1.6,8.5,8.4,12.2,3.4,0.0,13.5,12.4,1.7,15.9,13.5,8.3,10.0,0.0,0.0,0.0,0.0,0.0,0.0,0.000,0.000,0.021,0.167,0.053,0.019,0.120,0.203,0.091,0.115,0.000,0.006,0.069,0.030,0.000,0.000,0.000,0.001,0.000,0.248,0.000,0.000,0.053,0.003,0.000,0.106,0.000,0.071,0.000,0.000,0.060,0.012,0.027,0.015,0.000,0.096,0.184,0.014,0.103,0.039,0.103,0.076,0.000,0.000,0.000,0.000,0.000,0.000
367.150,"Zantiks Unit",1,"W002",30.42,66,2,24,"REST",9,"0",1.4,1.7,0.0,9.5,15.6,1.6,10.7,16.2,20.4,10.8,0.0,11.5,0.0,11.7,0.0,0.0,0.0,7.5,0.0,14.3,0.0,1.5,1.5,14.9,0.0,17.6,0.0,13.6,0.0,0.0,1.4,15.7,17.2,0.0,0.0,6.9,1.6,0.0,11.6,10.7,9.9,15.0,0.0,0.0,0.0,0.0,0.0,0.0,0.000,0.001,0.000,0.077,0.213,0.014,0.039,0.150,0.098,0.184,0.000,0.077,0.000,0.023,0.000,0.001,0.000,0.009,0.000,0.071,0.000,0.000,0.000,0.057,0.000,0.127,0.003,0.093,0.000,0.001,0.000,0.208,0.133,0.000,0.000,0.042,0.018,0.001,0.161,0.090,0.082,0.033,0.000,0.000,0.000,0.000,0.000,0.000
368.172,"Zantiks Unit",1,"W002",30.42,67,2,25,"REST",10,"0",0.0,0.0,0.0,1.4,12.1,0.0,1.6,15.0,21.1,14.0,0.0,10.0,1.5,11.7,0.0,3.0,0.0,7.6,0.0,10.6,0.0,3.1,0.0,8.5,0.0,14.8,0.0,11.4,0.0,1.7,0.0,6.1,6.3,6.2,0.0,11.6,9.3,1.5,16.0,17.9,13.6,15.3,0.0,0.0,0.0,0.0,0.0,0.0,0.000,0.000,0.000,0.005,0.309,0.001,0.001,0.094,0.157,0.266,0.000,0.063,0.001,0.045,0.000,0.001,0.000,0.010,0.000,0.141,0.000,0.017,0.000,0.049,0.000,0.093,0.000,0.031,0.000,0.006,0.000,0.004,0.017,0.021,0.000,0.070,0.131,0.000,0.077,0.036,0.222,0.100,0.000,0.000,0.000,0.000,0.000,0.000
369.176,"Zantiks Unit",1,"W002",30.42,68,2,26,"REST",11,"0",0.0,0.0,0.0,3.1,0.0,1.5,0.0,12.0,20.0,8.3,0.0,9.5,19.3,7.6,0.0,3.1,0.0,6.0,0.0,6.2,1.5,16.7,0.0,11.2,0.0,12.0,0.0,3.3,0.0,6.5,13.3,5.9,6.6,11.9,0.0,6.4,4.8,0.0,12.7,17.8,11.5,15.1,0.0,0.0,0.0,0.0,0.0,0.0,0.000,0.000,0.000,0.035,0.006,0.000,0.000,0.015,0.180,0.116,0.000,0.059,0.134,0.015,0.000,0.002,0.000,0.001,0.000,0.075,0.001,0.102,0.000,0.023,0.000,0.089,0.000,0.000,0.000,0.018,0.084,0.000,0.018,0.060,0.000,0.019,0.026,0.000,0.140,0.107,0.192,0.043,0.000,0.000,0.000,0.000,0.000,0.000
370.179,"Zantiks Unit",1,"W002",30.42,69,2,27,"REST",12,"0",1.5,0.0,0.0,6.1,9.9,3.4,0.0,1.5,22.5,3.2,0.0,14.1,21.1,12.4,0.0,0.0,0.0,8.3,0.0,0.0,0.0,15.2,0.0,10.6,0.0,14.2,0.0,3.9,0.0,6.5,16.6,11.1,17.4,11.5,0.0,3.1,0.0,6.3,10.1,19.6,8.0,13.2,0.0,0.0,0.0,0.0,0.0,0.0,0.000,0.000,0.000,0.060,0.100,0.003,0.000,0.000,0.181,0.105,0.000,0.051,0.137,0.044,0.000,0.000,0.000,0.005,0.000,0.000,0.000,0.073,0.000,0.039,0.000,0.071,0.000,0.000,0.000,0.027,0.143,0.016,0.218,0.050,0.000,0.001,0.000,0.025,0.028,0.117,0.074,0.081,0.000,0.000,0.000,0.000,0.000,0.000
371.183,"Zantiks Unit",1,"W002",30.33,70,2,28,"REST",13,"0",8.4,0.0,0.0,3.1,12.6,11.0,9.4,17.2,23.7,23.4,0.0,11.1,19.1,3.3,0.0,0.0,0.0,4.7,0.0,0.0,0.0,17.3,0.0,3.1,0.0,14.2,0.0,4.7,0.0,6.2,15.7,11.0,6.6,1.5,0.0,3.1,6.3,12.3,15.1,16.9,14.0,12.1,0.0,0.0,0.0,0.0,0.0,0.0,0.122,0.000,0.000,0.011,0.298,0.046,0.028,0.022,0.133,0.665,0.000,0.069,0.150,0.003,0.000,0.000,0.000,0.001,0.000,0.000,0.000,0.157,0.000,0.010,0.000,0.060,0.000,0.008,0.000,0.018,0.098,0.006,0.018,0.000,0.000,0.001,0.045,0.060,0.168,0.027,0.229,0.033,0.000,0.000,0.000,0.000,0.000,0.000
372.207,"Zantiks Unit",1,"W002",30.33,71,2,29,"RECOVERY","0","0",11.4,0.0,0.0,8.4,7.7,8.0,9.8,13.5,22.8,18.2,0.0,10.2,16.0,1.4,0.0,0.0,0.0,7.7,0.0,9.5,0.0,9.5,0.0,2.9,0.0,14.6,11.0,7.5,0.0,8.4,4.6,7.7,15.4,0.0,0.0,11.6,10.6,13.8,14.7,17.2,8.3,13.1,0.0,0.0,0.0,0.0,0.0,0.0,0.093,0.000,0.000,0.071,0.035,0.015,0.029,0.093,0.152,0.328,0.000,0.035,0.107,0.000,0.000,0.000,0.000,0.003,0.000,0.026,0.000,0.055,0.000,0.001,0.000,0.040,0.006,0.025,0.000,0.034,0.012,0.000,0.081,0.003,0.000,0.090,0.055,0.132,0.081,0.069,0.067,0.090,0.000,0.000,0.000,0.000,0.000,0.000
373.215,"Zantiks Unit",1,"W002",30.33,72,2,30,"REST",14,"0",11.8,0.0,0.0,12.0,8.4,6.5,0.0,21.9,20.2,7.7,0.0,10.9,20.5,0.0,0.0,1.5,0.0,4.4,0.0,14.9,0.0,11.4,0.0,0.0,0.0,17.4,4.8,3.0,0.0,9.6,1.7,6.2,6.7,7.9,0.0,10.0,12.8,12.1,12.0,20.9,5.0,16.1,0.0,0.0,0.0,0.0,0.0,0.0,0.129,0.000,0.000,0.183,0.007,0.010,0.000,0.085,0.147,0.088,0.000,0.054,0.135,0.000,0.000,0.000,0.000,0.001,0.000,0.244,0.000,0.144,0.000,0.000,0.000,0.081,0.003,0.005,0.000,0.044,0.008,0.003,0.021,0.033,0.000,0.070,0.076,0.071,0.110,0.122,0.185,0.055,0.000,0.000,0.000,0.000,0.000,0.000
374.220,"Zantiks Unit",1,"W002",30.33,73,2,31,"REST",15,"0",8.1,1.4,0.0,9.7,16.7,0.0,1.6,18.2,25.2,18.2,1.9,7.5,1.5,6.1,0.0,8.6,0.0,6.1,0.0,3.2,0.0,0.0,1.5,0.0,0.0,14.6,6.5,0.0,0.0,5.5,1.6,5.9,0.0,11.4,0.0,4.6,11.2,11.8,12.2,11.2,18.6,6.9,0.0,0.0,0.0,0.0,0.0,0.0,0.116,0.001,0.000,0.145,0.087,0.000,0.000,0.100,0.215,0.287,0.001,0.073,0.020,0.020,0.000,0.042,0.000,0.003,0.000,0.039,0.000,0.000,0.001,0.000,0.000,0.054,0.001,0.000,0.000,0.029,0.000,0.000,0.000,0.100,0.000,0.039,0.110,0.100,0.069,0.013,0.110,0.064,0.000,0.000,0.000,0.000,0.000,0.000
375.241,"Zantiks Unit",1,"W002",30.42,74,2,32,"REST",16,"0",1.6,7.6,0.0,8.0,17.3,8.2,0.0,17.4,11.3,15.3,2.9,0.0,14.4,10.0,0.0,0.0,0.0,7.6,0.0,9.3,0.0,1.6,6.3,0.0,0.0,17.7,7.9,2.9,0.0,0.0,0.0,1.5,0.0,11.4,0.0,6.6,11.7,13.5,0.0,0.0,18.8,6.0,0.0,0.0,0.0,0.0,0.0,0.0,0.011,0.065,0.000,0.078,0.225,0.083,0.000,0.209,0.032,0.205,0.004,0.000,0.109,0.033,0.000,0.000,0.000,0.003,0.000,0.013,0.000,0.000,0.003,0.000,0.000,0.097,0.010,0.008,0.000,0.000,0.000,0.000,0.000,0.102,0.000,0.075,0.082,0.078,0.000,0.000,0.206,0.005,0.000,0.000,0.000,0.000,0.000,0.000
376.245,"Zantiks Unit",1,"W002",30.42,75,2,33,"REST",17,"0",4.6,3.2,0.0,6.4,14.5,12.7,0.0,20.7,23.7,9.9,3.3,7.9,6.7,7.7,0.0,0.0,0.0,9.4,0.0,11.7,3.5,0.0,3.5,7.9,0.0,13.7,0.0,0.0,0.0,0.0,2.9,1.4,0.0,8.1,0.0,8.3,15.6,13.2,0.0,0.0,16.1,10.1,0.0,0.0,0.0,0.0,0.0,0.0,0.031,0.005,0.000,0.041,0.139,0.067,0.000,0.180,0.367,0.098,0.019,0.044,0.056,0.023,0.000,0.000,0.000,0.011,0.000,0.124,0.004,0.000,0.003,0.001,0.000,0.057,0.000,0.000,0.000,0.000,0.007,0.000,0.000,0.028,0.000,0.084,0.109,0.138,0.000,0.000,0.286,0.014,0.000,0.000,0.000,0.000,0.000,0.000
377.249,"Zantiks Unit",1,"W002",30.42,76,2,34,"REST",18,"0",3.0,0.0,0.0,6.3,13.0,6.5,0.0,14.9,25.2,6.2,0.0,11.0,14.4,1.5,0.0,1.4,0.0,7.9,0.0,11.5,4.6,0.0,0.0,4.5,0.0,14.8,0.0,1.6,0.0,0.0,13.4,3.0,1.4,0.0,0.0,7.6,15.1,15.6,0.0,0.0,12.1,5.3,0.0,0.0,0.0,0.0,0.0,0.0,0.019,0.000,0.000,0.080,0.179,0.023,0.000,0.098,0.381,0.010,0.001,0.107,0.090,0.000,0.000,0.000,0.000,0.011,0.000,0.183,0.009,0.000,0.000,0.002,0.000,0.059,0.000,0.007,0.000,0.000,0.065,0.000,0.000,0.000,0.000,0.081,0.158,0.121,0.000,0.000,0.214,0.034,0.000,0.000,0.000,0.000,0.000,0.000
378.272,"Zantiks Unit",1,"W002",30.42,77,2,35,"REST",19,"0",4.9,0.0,0.0,3.8,13.5,6.1,0.0,11.4,22.5,6.3,0.0,7.4,18.1,0.0,0.0,1.4,0.0,2.9,0.0,5.1,0.0,0.0,0.0,3.0,0.0,19.5,0.0,5.3,0.0,9.6,17.4,3.2,0.0,0.0,0.0,9.2,13.3,6.4,0.0,0.0,10.3,0.0,0.0,0.0,0.0,0.0,0.0,0.0,0.066,0.000,0.000,0.096,0.182,0.120,0.000,0.056,0.261,0.015,0.000,0.077,0.140,0.000,0.000,0.000,0.000,0.001,0.000,0.016,0.000,0.000,0.000,0.000,0.000,0.114,0.000,0.040,0.000,0.018,0.142,0.000,0.000,0.000,0.000,0.088,0.164,0.043,0.000,0.000,0.157,0.000,0.000,0.000,0.000,0.000,0.000,0.000
379.275,"Zantiks Unit",1,"W002",30.24,78,2,36,"REST",20,"0",1.5,0.0,0.0,8.3,11.7,6.6,0.0,12.3,21.0,0.0,0.0,12.6,7.9,0.0,3.1,1.7,3.8,6.3,0.0,6.2,0.0,0.0,0.0,0.0,0.0,15.4,0.0,3.1,0.0,10.9,12.6,1.5,0.0,0.0,0.0,13.3,11.9,11.9,0.0,7.1,8.2,5.3,0.0,0.0,0.0,0.0,0.0,0.0,0.020,0.000,0.000,0.042,0.009,0.102,0.000,0.067,0.213,0.000,0.000,0.065,0.036,0.000,0.000,0.000,0.029,0.001,0.000,0.030,0.000,0.000,0.000,0.000,0.000,0.128,0.000,0.081,0.000,0.015,0.073,0.000,0.000,0.000,0.000,0.209,0.117,0.105,0.000,0.060,0.107,0.020,0.000,0.000,0.000,0.000,0.000,0.000
380.279,"Zantiks Unit",1,"W002",30.24,79,2,37,"REST",21,"0",0.0,1.5,3.0,6.5,4.9,8.1,6.6,18.8,22.9,1.6,0.0,12.7,0.0,1.4,0.0,0.0,0.0,9.6,0.0,14.9,0.0,0.0,0.0,0.0,1.4,6.2,0.0,0.0,0.0,1.8,0.0,1.4,0.0,0.0,0.0,9.6,7.7,4.7,9.9,8.1,17.0,8.2,0.0,0.0,0.0,0.0,0.0,0.0,0.000,0.000,0.008,0.027,0.011,0.055,0.013,0.171,0.264,0.006,0.001,0.074,0.000,0.003,0.000,0.000,0.000,0.015,0.000,0.146,0.000,0.000,0.000,0.000,0.000,0.024,0.000,0.000,0.000,0.005,0.000,0.000,0.000,0.000,0.000,0.159,0.097,0.037,0.024,0.098,0.348,0.026,0.000,0.000,0.000,0.000,0.000,0.000
381.283,"Zantiks Unit",1,"W002",30.24,80,2,38,"REST",22,"0",0.0,4.6,8.3,7.7,0.0,0.0,12.9,10.0,23.8,1.6,0.0,11.4,12.4,0.0,0.0,0.0,1.7,7.7,0.0,16.7,0.0,0.0,4.4,0.0,1.5,9.4,0.0,13.3,0.0,0.0,0.0,4.8,3.0,0.0,0.0,14.1,15.5,1.6,18.1,17.1,9.9,7.4,0.0,0.0,0.0,0.0,0.0,0.0,0.013,0.002,0.107,0.119,0.000,0.011,0.140,0.069,0.227,0.000,0.000,0.042,0.113,0.000,0.000,0.000,0.000,0.002,0.000,0.105,0.000,0.000,0.001,0.000,0.000,0.031,0.000,0.110,0.000,0.000,0.000,0.001,0.000,0.000,0.000,0.195,0.237,0.000,0.183,0.111,0.104,0.123,0.000,0.000,0.000,0.000,0.000,0.000
382.304,"Zantiks Unit",1,"W002",30.24,81,2,39,"REST",23,"0",3.1,6.6,2.9,5.2,3.1,1.5,6.7,3.2,19.7,0.0,0.0,10.0,23.1,2.9,0.0,0.0,4.6,9.6,0.0,6.5,0.0,0.0,5.1,0.0,3.1,11.7,0.0,17.8,1.5,0.0,0.0,4.7,0.0,10.7,0.0,13.4,13.7,0.0,20.2,17.3,11.3,13.4,0.0,0.0,0.0,0.0,0.0,0.0,0.008,0.006,0.025,0.097,0.013,0.005,0.036,0.022,0.228,0.000,0.000,0.068,0.168,0.006,0.000,0.000,0.000,0.006,0.000,0.150,0.000,0.000,0.048,0.000,0.000,0.068,0.000,0.122,0.000,0.000,0.000,0.001,0.000,0.092,0.000,0.073,0.146,0.000,0.294,0.133,0.227,0.074,0.000,0.000,0.000,0.000,0.000,0.000
382.305,"Info","2022-05-31 00:40:56","Service 'E_allen_habituation_30' : Execution end (frame times: avg 32ms, max 57ms)"
